"user_id","name","age","country","gender"
"5250","Joseph Allen",28,"Netherlands","Other"
"76767","Michael White",40,"Norway","Female"
"86540","James Lewis",58,"France","Other"
"103360","Paul Lewis",22,"China","Male"
"144736","James Moore",56,"Japan","Other"
"181212","Katie Jones",55,"France","Other"
"229911","Daniel Moore",27,"USA","Male"
"298950","Alex Hall",67,"Ireland","Other"
"299153","Patricia Rodriguez",36,"Argentina","Other"
"381543","Michael Thomas",60,"Brazil","Male"
"547685","David Rodriguez",63,"Ireland","Female"
"554278","Jane Williams",61,"UK","Female"
"561758","Emily Martinez",32,"France","Male"
"577614","Daniel Thompson",30,"South Africa","Female"
"604988","Daniel Lewis",45,"New Zealand","Other"
"622362","Jessica Lee",53,"Poland","Male"
"635733","Joseph Rodriguez",65,"South Africa","Other"
"683019","Joseph Martin",49,"Turkey","Female"
"714122","David King",24,"Russia","Male"
"748719","James Davis",26,"Ireland","Female"
"835015","Lisa Jones",41,"Finland","Female"
"861238","Betty Rodriguez",30,"Norway","Other"
"871990","Daniel Johnson",67,"Australia","Female"
"937567","James Brown",41,"Saudi Arabia","Other"
"948368","Laura King",65,"South Korea","Female"
"975449","Michael Thomas",42,"Germany","Other"
"976129","Betty Hernandez",34,"Canada","Other"
"983600","John Garcia",27,"Denmark","Male"
"994489","Betty Thomas",40,"Australia","Female"
"1006880","Paul Robinson",53,"Ireland","Other"
"1024319","Sarah Wilson",56,"Switzerland","Male"
"1072465","Lisa Martin",58,"New Zealand","Other"
"1129452","Brian Moore",48,"Germany","Male"
"1135775","Robert White",41,"Poland","Male"
"1268792","Jessica King",61,"Ireland","Other"
"1364546","Susan Wilson",44,"Ireland","Other"
"1423371","Kevin Wilson",21,"Brazil","Other"
"1601069","Margaret Young",63,"China","Female"
"1601773","Laura Johnson",66,"Spain","Male"
"1603625","Robert Moore",19,"Spain","Female"
"1612666","Katie Martinez",55,"New Zealand","Male"
"1665511","Patricia Allen",66,"New Zealand","Male"
"1699101","Margaret Wilson",33,"Belgium","Other"
"1713646","Sarah Martin",29,"Norway","Male"
"1834453","Margaret Brown",26,"China","Male"
"1851828","Joseph Thomas",37,"Mexico","Female"
"1936551","Linda Johnson",45,"Brazil","Other"
"1950243","Katie Jones",52,"Norway","Other"
"1971801","James Jones",37,"India","Other"
"2039434","Emily Thompson",32,"Ireland","Male"
"2083767","Barbara Allen",56,"Poland","Male"
"2087859","Susan Harris",44,"South Korea","Other"
"2110581","Emily Rodriguez",36,"New Zealand","Male"
"2184507","Mark Hernandez",25,"Germany","Other"
"2259650","Daniel Lee",52,"India","Other"
"2382003","Robert Lee",59,"Denmark","Other"
"2428602","Laura Robinson",54,"Ireland","Male"
"2531540","Linda King",56,"Saudi Arabia","Other"
"2613043","Barbara Moore",43,"Brazil","Other"
"2643609","Charles Allen",45,"Sweden","Other"
"2753525","Jane Clark",24,"Italy","Other"
"3001740","Susan Garcia",61,"Argentina","Male"
"3054990","Nancy Robinson",23,"Denmark","Female"
"3238976","Thomas Jones",39,"Ireland","Female"
"3244702","David White",20,"Netherlands","Female"
"3249166","Linda Smith",43,"Ireland","Male"
"3347312","David Brown",62,"Italy","Male"
"3372923","Mark King",37,"Belgium","Other"
"3449240","Patricia Anderson",33,"Ireland","Male"
"3450426","Jessica Brown",35,"France","Female"
"3498717","Robert Harris",34,"Netherlands","Male"
"3527485","Paul Harris",36,"Switzerland","Other"
"3614782","Robert Hall",34,"Germany","Female"
"3663009","Emily Hernandez",57,"New Zealand","Female"
"3674653","Lisa Jones",33,"New Zealand","Other"
"3747293","Patricia Lee",31,"Japan","Female"
"3783783","Patricia King",61,"Switzerland","Other"
"3897969","Emily Hall",56,"Saudi Arabia","Male"
"3974133","Linda Lee",60,"Norway","Female"
"3979930","Patricia Johnson",55,"Australia","Female"
"4064412","Daniel Thomas",52,"Norway","Female"
"4156158","Brian Johnson",47,"Turkey","Female"
"4318904","Laura Smith",54,"South Korea","Female"
"4325465","Jane Brown",33,"Spain","Female"
"4485779","Katie Wilson",58,"India","Female"
"4595423","Sarah King",35,"Poland","Other"
"4603800","Alex King",32,"China","Male"
"4677023","Emily Jackson",21,"USA","Female"
"4812175","Jane Jackson",32,"Ireland","Male"
"4824107","Daniel Brown",27,"Italy","Male"
"4834220","Jane Thomas",70,"Norway","Female"
"4877411","Charles Thomas",38,"UK","Female"
"4897767","Lisa Martin",31,"Denmark","Male"
"4986667","Nancy Lee",39,"Turkey","Other"
"5217749","Lisa Smith",67,"Finland","Male"
"5220782","Joseph Davis",66,"China","Female"
"5232588","Paul Jackson",36,"Belgium","Male"
"5270060","Nancy Walker",25,"USA","Male"
"5307960","Patricia Hernandez",50,"Austria","Male"
"5314150","Sarah Robinson",49,"Netherlands","Female"
"5387470","Daniel Allen",43,"Belgium","Male"
"5600822","Emily Martin",41,"Germany","Other"
"5689496","David Anderson",32,"Switzerland","Female"
"5759284","Margaret Smith",60,"China","Other"
"5860071","James Moore",64,"Switzerland","Other"
"5949488","Karen Wilson",50,"Austria","Male"
"5976642","Chris Walker",25,"Mexico","Other"
"5990132","Patricia Thomas",66,"Ireland","Female"
"6144819","Thomas Hall",62,"Italy","Other"
"6216773","Kevin Hernandez",55,"Spain","Other"
"6252885","Katie Brown",63,"USA","Male"
"6394150","Robert Johnson",27,"New Zealand","Female"
"6439568","Linda Martin",49,"UK","Male"
"6656519","Kevin Allen",50,"China","Female"
"6717871","Karen Garcia",62,"Spain","Other"
"6820462","Jessica Moore",57,"India","Female"
"6928806","Karen Thompson",68,"Canada","Other"
"6979578","John Taylor",21,"France","Female"
"7015471","Robert Smith",69,"India","Male"
"7020135","Katie Jackson",68,"Russia","Other"
"7094039","Nancy Moore",54,"USA","Male"
"7163917","Mark Wilson",54,"Germany","Other"
"7203603","Alex Robinson",47,"South Korea","Male"
"7249363","Betty Wilson",20,"Belgium","Other"
"7273540","Daniel Brown",33,"Saudi Arabia","Other"
"7418489","Susan Moore",22,"Saudi Arabia","Female"
"7431946","Katie King",38,"South Africa","Male"
"7440594","Linda Lewis",39,"New Zealand","Male"
"7507458","Charles Robinson",28,"Belgium","Other"
"7519923","Emily Harris",67,"Russia","Male"
"7527129","Mark Smith",47,"Sweden","Male"
"7585698","Kevin Rodriguez",30,"Switzerland","Female"
"7617325","Joseph Johnson",67,"France","Other"
"7736384","Margaret Young",25,"South Africa","Female"
"7757631","Kevin Moore",66,"New Zealand","Male"
"7907686","Charles Smith",24,"Saudi Arabia","Male"
"7923954","Chris Moore",55,"Switzerland","Male"
"7955670","Karen Clark",47,"Denmark","Male"
"7987640","Karen Lewis",24,"Switzerland","Female"
"8013465","Lisa Jones",52,"Germany","Male"
"8100868","Joseph Brown",20,"Finland","Female"
"8259307","Brian Johnson",64,"Mexico","Female"
"8277694","Margaret Hernandez",60,"Italy","Female"
"8311704","Patricia Taylor",36,"Turkey","Male"
"8334557","Karen Williams",59,"Mexico","Female"
"8415723","Mark Hall",70,"Mexico","Male"
"8542204","Paul Jones",46,"Saudi Arabia","Male"
"8567888","Chris Brown",34,"Austria","Female"
"8585433","Daniel Garcia",56,"South Korea","Female"
"8763960","Brian Hall",49,"Italy","Other"
"8776918","Barbara Brown",60,"Russia","Female"
"8784496","Alex Williams",32,"Sweden","Female"
"8795607","Patricia Wilson",41,"Russia","Male"
"8817922","Robert White",32,"Finland","Female"
"8865447","Margaret Hernandez",34,"Netherlands","Female"
"8949216","Thomas Thompson",50,"Japan","Female"
"8978697","Lisa Taylor",59,"Finland","Other"
"9065641","Katie Wilson",63,"Switzerland","Other"
"9128105","Kevin Davis",46,"Italy","Female"
"9134079","Katie Garcia",43,"Canada","Female"
"9180659","Kevin Thompson",19,"Norway","Male"
"9209946","Linda Clark",69,"South Africa","Other"
"9245216","Lisa Taylor",22,"South Africa","Male"
"9365873","Michael Thomas",59,"Saudi Arabia","Female"
"9439949","Michael Williams",66,"Norway","Male"
"9544834","Robert Robinson",57,"China","Female"
"9548378","Patricia Smith",24,"Mexico","Other"
"9563573","James Lee",59,"Canada","Female"
"9740704","Kevin Johnson",57,"Australia","Male"
"9759887","Daniel Thompson",36,"Denmark","Male"
"9811609","Margaret Brown",57,"Finland","Other"
"9823354","Patricia Rodriguez",30,"South Africa","Female"
"9845449","Alex White",21,"Spain","Other"
"9946133","Nancy Thomas",46,"Argentina","Female"
"10064100","James Robinson",21,"Argentina","Other"
"10095386","Laura Miller",25,"Switzerland","Other"
"10144413","Barbara Anderson",37,"USA","Other"
"10144504","Alex White",26,"Brazil","Female"
"10162301","Barbara White",33,"Norway","Male"
"10181060","Karen Garcia",44,"Austria","Female"
"10216256","Daniel Allen",27,"Austria","Female"
"10218563","Nancy Johnson",60,"Germany","Female"
"10253354","Nancy Williams",61,"China","Other"
"10262121","James Hall",40,"India","Male"
"10267553","Emily Miller",42,"South Korea","Male"
"10302000","Margaret Harris",39,"Saudi Arabia","Other"
"10385370","Charles Wilson",66,"China","Male"
"10450544","Sarah Jones",63,"Argentina","Male"
"10478285","Alex King",29,"Brazil","Female"
"10515535","Brian Hernandez",21,"USA","Female"
"10595342","Sarah Robinson",49,"Brazil","Female"
"10599862","Patricia King",63,"Sweden","Other"
"10608804","James Garcia",23,"Canada","Female"
"10714039","James Martinez",20,"India","Female"
"10809782","Robert Brown",29,"South Africa","Male"
"10810391","Brian Lee",49,"Finland","Male"
"10854426","Robert Johnson",47,"India","Male"
"10856494","Jane Jackson",70,"Austria","Male"
"10868970","Brian Johnson",22,"Sweden","Other"
"10869571","Michael Moore",45,"Belgium","Male"
"10934310","Betty Williams",35,"Russia","Other"
"10964000","Susan Lee",31,"India","Male"
"11024186","Alex Brown",47,"Austria","Male"
"11080937","Thomas Robinson",67,"Belgium","Female"
"11149819","Jane Hernandez",61,"Norway","Other"
"11151885","Nancy Moore",18,"New Zealand","Other"
"11161178","Sarah King",46,"Ireland","Female"
"11200326","Charles King",61,"India","Female"
"11207650","Paul Lee",43,"Brazil","Female"
"11300897","Daniel Williams",66,"Poland","Male"
"11373749","Laura Taylor",69,"Japan","Female"
"11403772","Margaret Garcia",28,"France","Female"
"11408688","Chris Young",29,"Italy","Other"
"11414203","Kevin Davis",28,"Brazil","Female"
"11504910","Charles Thompson",33,"France","Other"
"11613587","Patricia Hall",60,"France","Female"
"11650340","Betty Martinez",39,"South Korea","Male"
"11713535","Mark Robinson",49,"Turkey","Other"
"11718802","Robert Jackson",47,"Sweden","Other"
"11731710","Laura Brown",69,"Russia","Other"
"11794760","Katie Allen",21,"Denmark","Female"
"11807754","Patricia Robinson",63,"New Zealand","Female"
"11813637","Alex Harris",27,"South Korea","Male"
"11940338","Jessica King",65,"Brazil","Female"
"11952990","Katie Thomas",62,"Germany","Other"
"11970504","Susan Walker",36,"USA","Female"
"11973378","Nancy Johnson",64,"New Zealand","Female"
"11978743","Brian Wilson",46,"Sweden","Other"
"12034137","Robert Lee",24,"Poland","Other"
"12070928","Jessica Wilson",30,"Mexico","Male"
"12130111","Sarah Walker",35,"Russia","Male"
"12144171","Emily Walker",51,"Italy","Female"
"12169570","Charles Hall",31,"Mexico","Male"
"12195913","Daniel Jackson",41,"Norway","Female"
"12259303","Patricia Anderson",65,"Saudi Arabia","Other"
"12312878","Thomas Walker",70,"Saudi Arabia","Female"
"12423315","Alex Martin",29,"Mexico","Male"
"12529679","Katie White",26,"Russia","Male"
"12563913","Mark Martinez",68,"Finland","Other"
"12583476","Jane Allen",33,"Netherlands","Other"
"12610800","Daniel Hall",31,"Norway","Male"
"12660489","Thomas Moore",22,"Japan","Other"
"12673872","Emily Taylor",59,"Brazil","Female"
"12760368","Linda Thomas",33,"Germany","Female"
"12774878","David Wilson",30,"India","Male"
"12858799","Kevin Williams",52,"USA","Female"
"12860805","Brian Jones",52,"Brazil","Male"
"12897088","Mark Young",32,"USA","Other"
"12985315","Sarah Smith",22,"South Africa","Male"
"13190476","Nancy Hall",59,"Argentina","Other"
"13227098","Robert King",18,"Turkey","Male"
"13227113","James Hall",48,"New Zealand","Other"
"13336286","Nancy Walker",24,"Brazil","Other"
"13542867","Michael Smith",33,"Ireland","Male"
"13556140","Emily Davis",36,"Austria","Other"
"13565651","Daniel Harris",32,"Poland","Other"
"13614852","Michael Brown",66,"South Korea","Female"
"13646256","Alex Lee",32,"India","Female"
"13669241","Katie Garcia",64,"Saudi Arabia","Other"
"13802025","Sarah White",25,"India","Male"
"13863290","Barbara Martinez",22,"Russia","Other"
"13873032","Sarah Garcia",42,"China","Other"
"14095190","Nancy White",41,"Russia","Female"
"14098833","Robert Garcia",58,"Sweden","Other"
"14126086","Katie Davis",63,"Sweden","Female"
"14153959","Mark Clark",23,"UK","Male"
"14165501","Patricia Lee",27,"Canada","Other"
"14216099","Sarah Johnson",29,"Italy","Other"
"14256995","Paul Thomas",31,"Argentina","Other"
"14258248","Sarah Rodriguez",63,"Sweden","Other"
"14416572","Linda Harris",21,"New Zealand","Male"
"14417857","Brian Robinson",35,"Argentina","Male"
"14421986","Jane Hernandez",48,"Spain","Male"
"14433556","Jessica King",57,"China","Male"
"14465359","Paul Harris",21,"UK","Female"
"14477878","Lisa Allen",66,"Turkey","Other"
"14507290","David Thomas",63,"Ireland","Other"
"14544587","Sarah Young",70,"China","Other"
"14551726","John Brown",65,"Finland","Other"
"14671378","Jessica Miller",27,"USA","Female"
"14702137","Brian King",20,"Germany","Female"
"14706578","Linda Hernandez",61,"Ireland","Male"
"14711056","Robert Harris",19,"Argentina","Male"
"14717252","Linda Young",23,"Saudi Arabia","Female"
"14758912","Kevin White",27,"South Africa","Male"
"14906179","Sarah Harris",50,"Finland","Female"
"14962163","Emily Lewis",35,"Australia","Female"
"15084368","Nancy Jones",66,"Denmark","Other"
"15095770","John Wilson",19,"Denmark","Male"
"15196746","Margaret Williams",33,"Canada","Female"
"15221799","Barbara Taylor",37,"Brazil","Other"
"15305418","Sarah Rodriguez",51,"Netherlands","Female"
"15382030","Charles Smith",55,"India","Male"
"15415372","Laura Brown",55,"Australia","Other"
"15432026","Sarah Allen",26,"South Africa","Female"
"15474494","Thomas Walker",28,"Belgium","Male"
"15495423","Jane Hernandez",39,"UK","Male"
"15503746","Daniel Rodriguez",56,"Sweden","Male"
"15546726","Lisa Clark",66,"Denmark","Female"
"15564408","James Moore",53,"Sweden","Female"
"15576531","Thomas Hall",37,"South Korea","Male"
"15680561","Nancy Jackson",27,"South Africa","Male"
"15701750","Jane Jones",70,"Poland","Male"
"15702351","Daniel Thomas",61,"Sweden","Female"
"15824958","David White",62,"Austria","Other"
"15841586","Thomas Brown",54,"Poland","Male"
"15841597","Alex Rodriguez",32,"UK","Other"
"15878832","Betty Martinez",69,"South Africa","Female"
"15902605","John Anderson",56,"Japan","Female"
"15927737","Joseph Hernandez",54,"Sweden","Female"
"15951451","John Taylor",18,"South Africa","Other"
"16080105","Alex Taylor",68,"Norway","Other"
"16081636","Mark Brown",65,"Australia","Female"
"16084897","Nancy Young",49,"Finland","Other"
"16154372","Betty Thomas",39,"South Africa","Female"
"16167221","Margaret Wilson",23,"UK","Other"
"16231773","Margaret Johnson",24,"Poland","Male"
"16261218","Sarah Martinez",45,"Australia","Other"
"16285568","Brian Lee",60,"China","Other"
"16421440","Susan Davis",44,"Mexico","Other"
"16574348","Laura Taylor",54,"Argentina","Female"
"16645459","Laura Hall",57,"Belgium","Other"
"16710264","Jane Allen",68,"Germany","Other"
"16717658","Alex Garcia",61,"Belgium","Male"
"16720641","Thomas Rodriguez",20,"Mexico","Female"
"16821928","Patricia Wilson",64,"Denmark","Other"
"16919977","Jessica Brown",30,"Saudi Arabia","Female"
"16990576","Charles Clark",44,"Sweden","Other"
"17017968","Paul Moore",58,"Netherlands","Other"
"17135392","Brian Taylor",34,"France","Other"
"17284266","Laura Miller",54,"Norway","Female"
"17299575","John Clark",36,"Poland","Other"
"17352311","Sarah Young",19,"Netherlands","Male"
"17414305","Emily Garcia",31,"Ireland","Other"
"17432212","Chris Young",67,"China","Female"
"17495098","Susan Hernandez",44,"Switzerland","Other"
"17497581","Sarah Lee",47,"Belgium","Male"
"17530772","Michael Taylor",20,"New Zealand","Male"
"17531316","Patricia Garcia",59,"USA","Female"
"17556127","Katie Walker",51,"Australia","Other"
"17567828","Jessica Lee",33,"Italy","Other"
"17649444","John Jackson",31,"Turkey","Other"
"17821133","Michael Moore",69,"Canada","Other"
"17878330","David Miller",51,"New Zealand","Other"
"17894253","Margaret Brown",43,"India","Female"
"17947811","Susan Martinez",56,"Russia","Other"
"17995238","Jane Walker",21,"Canada","Other"
"18036199","Robert White",38,"South Africa","Female"
"18066817","Linda Smith",50,"Germany","Male"
"18074031","Nancy Garcia",33,"Norway","Other"
"18109027","Brian Young",26,"Mexico","Male"
"18149166","Charles Walker",43,"Russia","Other"
"18263482","Karen Jackson",36,"Sweden","Other"
"18319108","Katie Hall",52,"France","Other"
"18500119","James Clark",35,"Denmark","Male"
"18604016","Paul Jackson",49,"Italy","Female"
"18607065","Michael Martin",45,"Germany","Other"
"18611287","Alex Allen",47,"New Zealand","Female"
"18675025","Daniel Martin",52,"Argentina","Male"
"18697313","Jane Davis",55,"South Africa","Other"
"18869916","David White",34,"Italy","Other"
"18888504","David Harris",37,"USA","Male"
"18897058","Emily Thomas",27,"Argentina","Other"
"19062398","Thomas King",23,"South Korea","Female"
"19085114","Sarah Jackson",46,"Denmark","Other"
"19094181","Brian Martin",37,"Australia","Female"
"19302548","Chris Thompson",26,"South Korea","Male"
"19306933","John Hernandez",67,"France","Male"
"19422331","Karen Johnson",37,"Poland","Other"
"19430377","Barbara Anderson",61,"Netherlands","Female"
"19510434","Joseph Thompson",69,"UK","Male"
"19586574","Kevin Allen",34,"Saudi Arabia","Female"
"19594216","Charles Thompson",32,"Mexico","Female"
"19616379","Linda Martin",63,"Russia","Female"
"19668647","Paul White",28,"South Africa","Female"
"19696244","Charles White",55,"Argentina","Male"
"19925584","Joseph Hernandez",43,"China","Other"
"20200395","Michael White",59,"Ireland","Other"
"20207081","Paul Miller",29,"Spain","Female"
"20266830","Mark Williams",31,"Spain","Female"
"20321898","Alex Davis",62,"Norway","Female"
"20362352","Daniel White",41,"Ireland","Other"
"20363006","Barbara Thompson",51,"Australia","Female"
"20366600","Michael Williams",59,"South Africa","Other"
"20464587","Kevin Walker",24,"Mexico","Other"
"20498360","Charles Hall",30,"Canada","Other"
"20557028","Brian Smith",49,"Spain","Male"
"20566124","Patricia Rodriguez",53,"Canada","Other"
"20593648","Joseph Brown",35,"South Africa","Female"
"20626832","Chris Young",26,"South Africa","Other"
"20630908","Mark Martin",35,"New Zealand","Male"
"20643309","Katie Allen",28,"Mexico","Other"
"20683035","Jessica Moore",23,"Spain","Female"
"20704366","Emily Taylor",47,"Canada","Female"
"20724394","Katie Anderson",44,"Netherlands","Male"
"20772968","Kevin Wilson",30,"Sweden","Female"
"20781671","Barbara Martin",39,"Canada","Other"
"20914736","Alex Hernandez",46,"China","Other"
"20930269","Jessica Taylor",34,"Netherlands","Male"
"21015565","Kevin Jones",28,"Switzerland","Other"
"21061921","Daniel Martin",54,"Austria","Female"
"21075893","Kevin Robinson",49,"Argentina","Other"
"21138994","Patricia Wilson",62,"Austria","Female"
"21144204","Chris Rodriguez",40,"Austria","Female"
"21261374","Laura Taylor",21,"Russia","Other"
"21316693","James Garcia",38,"Saudi Arabia","Female"
"21406272","Karen Hernandez",32,"Finland","Other"
"21416874","Betty Anderson",64,"Sweden","Male"
"21535912","Nancy Rodriguez",40,"Germany","Female"
"21539893","Karen Moore",70,"Spain","Female"
"21551002","Margaret Taylor",37,"Russia","Other"
"21557528","Charles Young",31,"Netherlands","Other"
"21580713","Brian Thompson",30,"Sweden","Other"
"21590667","Daniel Thompson",65,"Ireland","Other"
"21683270","Margaret Young",35,"Saudi Arabia","Male"
"21796349","Charles Thompson",50,"Turkey","Other"
"21805245","Jane Lee",66,"Norway","Male"
"21822362","Mark Harris",38,"Russia","Female"
"21861124","Katie King",37,"Austria","Female"
"21869048","Sarah King",67,"Finland","Female"
"21979395","Karen Martin",24,"Australia","Other"
"22003611","John Rodriguez",43,"South Korea","Other"
"22045474","Alex Hall",60,"Switzerland","Male"
"22075531","Paul Martinez",25,"Finland","Male"
"22088241","Karen King",31,"Australia","Other"
"22277642","Thomas Davis",54,"UK","Female"
"22283916","Susan Clark",64,"Sweden","Female"
"22301321","Emily Robinson",50,"China","Other"
"22371742","Betty Miller",28,"Denmark","Male"
"22470137","David King",32,"Austria","Female"
"22503648","Thomas Martin",33,"Turkey","Male"
"22605909","Mark Miller",20,"Netherlands","Female"
"22627659","John Martinez",20,"China","Female"
"22673724","Brian Young",59,"Russia","Male"
"22689481","Katie Moore",22,"Argentina","Other"
"22865756","Jessica Wilson",45,"Switzerland","Female"
"22875444","Sarah Clark",47,"Denmark","Other"
"22883395","Nancy Williams",41,"China","Female"
"22898075","Brian Martinez",65,"Spain","Male"
"23046596","Charles Walker",39,"Sweden","Other"
"23072560","Daniel Jackson",37,"Mexico","Other"
"23078763","Daniel Taylor",47,"South Africa","Other"
"23096237","Patricia Anderson",33,"Norway","Male"
"23154676","David Hall",56,"Russia","Female"
"23181958","Daniel Rodriguez",24,"Austria","Other"
"23219829","Linda Garcia",62,"Mexico","Other"
"23225650","Patricia Rodriguez",32,"South Africa","Other"
"23241240","Linda Moore",37,"Argentina","Female"
"23306116","Patricia Clark",53,"Norway","Male"
"23333992","Charles Thompson",37,"Denmark","Other"
"23337959","James Rodriguez",43,"China","Female"
"23386002","Daniel Allen",22,"Mexico","Male"
"23432272","Emily Williams",55,"Belgium","Female"
"23472549","Robert Brown",57,"Denmark","Other"
"23492094","Laura Wilson",46,"UK","Female"
"23608098","John Taylor",39,"Finland","Other"
"23609845","Karen Harris",34,"Canada","Male"
"23643789","Paul Lee",49,"Poland","Other"
"23663429","Mark Johnson",32,"Brazil","Female"
"23672423","Chris Robinson",56,"Brazil","Other"
"23714890","Chris Taylor",60,"Austria","Other"
"23717586","Paul Smith",63,"Italy","Male"
"23718710","James Thomas",43,"South Africa","Female"
"23780966","Jane Harris",48,"Brazil","Female"
"23883383","Laura Martinez",64,"UK","Female"
"23918050","Kevin Thomas",70,"Russia","Other"
"24011187","David Jones",66,"Russia","Other"
"24204083","James Martin",54,"Italy","Female"
"24258916","Lisa Brown",65,"Canada","Other"
"24334631","Susan Martinez",24,"Poland","Female"
"24366790","Jane Smith",48,"South Africa","Other"
"24444528","Daniel Anderson",32,"India","Other"
"24445668","Alex Jones",33,"India","Female"
"24469287","Susan Robinson",40,"South Korea","Female"
"24555705","John White",53,"Turkey","Female"
"24583127","Joseph Brown",51,"Poland","Female"
"24583629","Patricia Williams",67,"Saudi Arabia","Male"
"24610082","Kevin Jones",25,"Brazil","Male"
"24632218","Joseph Allen",28,"Austria","Male"
"24703611","Patricia Johnson",69,"Saudi Arabia","Other"
"24721232","Jessica Martin",43,"Mexico","Other"
"24817862","Daniel Brown",51,"India","Female"
"24841093","Paul Martin",20,"Japan","Female"
"24858005","Mark Miller",59,"China","Female"
"24872208","Barbara Martinez",41,"UK","Other"
"24889631","Nancy King",18,"Argentina","Other"
"24919113","Barbara Thompson",58,"Germany","Male"
"24932641","James Miller",51,"South Africa","Male"
"24972502","Sarah Lee",25,"South Africa","Other"
"25031952","Brian Lee",19,"Belgium","Male"
"25096601","Linda Davis",47,"India","Other"
"25185866","Robert King",19,"Belgium","Male"
"25253730","Alex Clark",56,"France","Other"
"25272022","Alex Martinez",65,"Turkey","Other"
"25337857","Laura Hernandez",26,"France","Other"
"25349446","Kevin Garcia",64,"New Zealand","Female"
"25411448","Robert Clark",55,"Germany","Other"
"25445382","Thomas Hernandez",28,"France","Female"
"25452454","Charles Smith",52,"Ireland","Male"
"25490518","Thomas Smith",56,"France","Female"
"25539892","Chris Hernandez",54,"Italy","Other"
"25634320","Robert Martinez",58,"Netherlands","Other"
"25710556","Chris Hall",58,"China","Other"
"25822628","Joseph Miller",62,"Norway","Other"
"25827559","Charles Davis",27,"France","Female"
"25831175","Alex Allen",27,"Poland","Female"
"25863903","Paul Hall",62,"India","Other"
"25864738","Margaret Moore",29,"Denmark","Other"
"25889289","Emily Thomas",32,"Germany","Male"
"25941262","Linda White",43,"Russia","Female"
"25966326","Jane Wilson",29,"Netherlands","Other"
"26027937","Jane Hernandez",62,"South Africa","Female"
"26037697","Chris Taylor",55,"Switzerland","Other"
"26090223","Alex King",40,"Sweden","Male"
"26101823","David Davis",65,"Russia","Other"
"26122540","Laura Allen",29,"Russia","Female"
"26218938","Karen Rodriguez",52,"Canada","Male"
"26302344","Daniel Moore",43,"Finland","Male"
"26333936","Linda Moore",63,"Russia","Male"
"26430231","Joseph Robinson",30,"Poland","Other"
"26461910","Margaret Jones",35,"USA","Other"
"26465134","Linda Wilson",21,"Norway","Female"
"26491227","Chris Thompson",34,"Italy","Other"
"26572597","Sarah Wilson",42,"Mexico","Male"
"26583023","Michael Miller",30,"France","Female"
"26593066","Michael Thomas",36,"Denmark","Female"
"26601561","Kevin Martinez",34,"Australia","Other"
"26633617","Patricia Clark",26,"Turkey","Male"
"26636189","Daniel Thompson",44,"Germany","Female"
"26637363","Susan Anderson",19,"Ireland","Other"
"26729643","Emily Lee",69,"South Africa","Male"
"26753925","Kevin Clark",37,"Australia","Male"
"26762388","Linda Lewis",26,"Italy","Other"
"26779878","Thomas King",42,"France","Female"
"26789885","Kevin Rodriguez",40,"South Africa","Other"
"26802825","Chris Moore",67,"Norway","Female"
"26808868","Laura Young",20,"Argentina","Male"
"26813952","Paul Clark",22,"Russia","Other"
"26822907","Thomas Moore",68,"Russia","Female"
"26861985","Brian Hernandez",29,"Netherlands","Female"
"26897314","Jane King",25,"Saudi Arabia","Female"
"27023260","Emily Rodriguez",35,"China","Female"
"27029121","Brian Anderson",48,"Mexico","Male"
"27037996","Betty Allen",63,"Netherlands","Female"
"27060918","Kevin Jones",42,"Netherlands","Other"
"27099151","Brian Thompson",46,"Poland","Female"
"27100840","James Taylor",55,"Russia","Female"
"27115822","Betty Johnson",44,"Russia","Male"
"27116257","Susan Garcia",55,"UK","Other"
"27117407","Daniel Wilson",56,"Germany","Female"
"27139623","Daniel Martin",66,"Sweden","Female"
"27152433","Laura Miller",33,"Belgium","Other"
"27168078","Lisa Smith",40,"Poland","Other"
"27169419","Brian Anderson",51,"New Zealand","Other"
"27171538","Karen Allen",46,"USA","Male"
"27262175","Laura Thomas",56,"New Zealand","Male"
"27275017","Daniel Anderson",62,"Netherlands","Female"
"27279261","Michael Harris",31,"France","Other"
"27338668","James Taylor",51,"South Korea","Other"
"27371247","Lisa Wilson",63,"Mexico","Other"
"27403206","Linda Martin",48,"Turkey","Female"
"27417971","Brian Thompson",26,"Turkey","Male"
"27424183","Linda Young",43,"Russia","Male"
"27500674","Thomas Thomas",37,"UK","Male"
"27543430","Mark Thompson",26,"Norway","Female"
"27545486","Jane Harris",55,"Russia","Other"
"27578696","Daniel Clark",59,"Germany","Male"
"27579751","Laura Jackson",53,"Netherlands","Other"
"27633355","Karen Johnson",28,"South Africa","Other"
"27685049","John Hall",46,"Italy","Female"
"27689253","Laura Jones",50,"China","Female"
"27691746","Robert Harris",69,"Norway","Other"
"27770064","Sarah Martinez",46,"Australia","Female"
"27804333","Daniel Clark",35,"Netherlands","Other"
"27835216","Paul Wilson",28,"Italy","Other"
"27871778","Katie Hall",21,"Switzerland","Other"
"27872805","John Rodriguez",67,"Saudi Arabia","Other"
"27873947","James Lewis",52,"Canada","Male"
"27901693","Robert Jackson",70,"Finland","Other"
"27925556","Jane Hall",32,"Poland","Female"
"27944300","Linda Walker",54,"Spain","Other"
"28031199","Thomas Garcia",49,"Canada","Male"
"28040133","Chris Williams",18,"Ireland","Other"
"28041586","Barbara Thomas",69,"Belgium","Other"
"28064589","Kevin Taylor",70,"Ireland","Male"
"28113724","Alex Young",57,"Canada","Female"
"28116270","Patricia White",35,"Spain","Female"
"28165186","Barbara Anderson",54,"Norway","Other"
"28229872","Michael Davis",24,"Netherlands","Male"
"28236623","Patricia Jones",48,"Netherlands","Female"
"28257781","Laura Hernandez",57,"South Africa","Other"
"28424408","Chris Martin",34,"France","Other"
"28425181","Karen Wilson",27,"Russia","Other"
"28443095","Paul Taylor",54,"China","Male"
"28453247","Chris Clark",34,"France","Other"
"28453352","Emily Taylor",46,"Japan","Other"
"28472068","James Davis",45,"Turkey","Male"
"28608870","Michael Anderson",31,"France","Female"
"28633466","Charles Johnson",32,"Italy","Male"
"28648610","Sarah Walker",24,"Brazil","Female"
"28696163","Nancy Moore",63,"India","Other"
"28705385","Lisa Williams",19,"Ireland","Female"
"28711405","Margaret Clark",26,"USA","Male"
"28731346","Patricia Johnson",33,"Australia","Male"
"28815669","Alex Smith",38,"Italy","Female"
"28818246","Kevin Garcia",61,"Belgium","Male"
"28851953","John Jones",57,"Germany","Other"
"28886158","Karen Martinez",45,"Netherlands","Other"
"28898493","Karen Hernandez",37,"South Korea","Male"
"28939171","Katie Walker",58,"Japan","Male"
"28997716","Emily Young",58,"UK","Female"
"29001140","Jessica Clark",23,"USA","Female"
"29052354","Patricia Brown",58,"Denmark","Female"
"29078995","Joseph Brown",43,"Turkey","Female"
"29081256","Thomas Young",45,"Turkey","Male"
"29111100","Jane Thompson",65,"Switzerland","Female"
"29122428","Paul Allen",23,"Australia","Male"
"29148231","Betty Jones",64,"France","Other"
"29239329","Paul Rodriguez",22,"Netherlands","Female"
"29243200","Kevin White",34,"Japan","Other"
"29268335","Linda Johnson",65,"Germany","Other"
"29302014","Chris Davis",41,"Belgium","Male"
"29383643","John Thomas",70,"USA","Female"
"29405242","Nancy Clark",65,"Poland","Other"
"29491264","Charles King",31,"Canada","Other"
"29537499","Betty Walker",46,"Finland","Female"
"29569611","Barbara Smith",35,"Denmark","Female"
"29603217","Brian Allen",27,"Finland","Other"
"29706117","Margaret Martin",56,"South Korea","Female"
"29706146","Charles Young",47,"Poland","Female"
"29730534","Susan Moore",61,"India","Male"
"29736184","Jessica Hall",67,"Canada","Other"
"29750135","Mark White",24,"USA","Male"
"29753085","James Young",54,"Mexico","Male"
"29764828","Susan Rodriguez",34,"South Korea","Male"
"29777760","Charles Thompson",43,"Canada","Male"
"29835809","Margaret Young",41,"Denmark","Male"
"29852387","Robert Garcia",30,"UK","Male"
"29873979","Barbara Miller",66,"Argentina","Male"
"29915651","John Williams",62,"USA","Other"
"29926116","Paul Young",28,"France","Male"
"29962674","Chris King",21,"Belgium","Male"
"29983962","Lisa Lee",56,"France","Male"
"30007387","Paul Williams",55,"Spain","Female"
"30010437","Susan Rodriguez",19,"Saudi Arabia","Other"
"30036927","Laura Miller",52,"Netherlands","Female"
"30041199","Alex Allen",41,"Brazil","Other"
"30042027","Sarah Johnson",52,"South Korea","Female"
"30061970","Alex Walker",36,"Japan","Other"
"30064076","Linda Anderson",42,"Mexico","Other"
"30067217","Lisa Martinez",61,"France","Other"
"30115594","Betty Lewis",38,"Canada","Female"
"30129850","Barbara Taylor",44,"Brazil","Other"
"30142763","Jane Walker",68,"Belgium","Other"
"30172489","Joseph White",48,"New Zealand","Female"
"30221587","Laura Miller",56,"Belgium","Male"
"30239820","Margaret Robinson",35,"Argentina","Male"
"30246419","Paul Johnson",22,"Denmark","Other"
"30280104","David Johnson",18,"Denmark","Male"
"30283133","Sarah Lewis",34,"Brazil","Male"
"30323574","Robert Martinez",48,"China","Other"
"30402259","Alex Taylor",47,"Italy","Female"
"30425578","James Hall",33,"South Africa","Other"
"30432648","Robert Moore",56,"Finland","Female"
"30434868","Mark Harris",47,"UK","Female"
"30440303","David Clark",39,"South Africa","Other"
"30452777","David Martin",29,"Netherlands","Female"
"30454984","Laura Wilson",42,"South Africa","Male"
"30500254","Linda Miller",57,"Canada","Other"
"30503921","Michael Robinson",21,"Mexico","Female"
"30519870","Barbara Johnson",34,"Brazil","Male"
"30527047","Barbara Young",48,"Japan","Female"
"30548861","Jane Rodriguez",52,"Russia","Female"
"30561172","Kevin Walker",21,"Saudi Arabia","Male"
"30572170","Robert Young",67,"Germany","Other"
"30574622","Sarah Lewis",20,"Austria","Male"
"30583864","Linda Hall",38,"Ireland","Male"
"30588978","Paul Williams",40,"Ireland","Female"
"30614573","Katie Hernandez",24,"Japan","Other"
"30695285","Linda Clark",41,"Japan","Male"
"30699429","Jane Thomas",24,"Spain","Male"
"30710202","Mark Jackson",29,"Netherlands","Female"
"30734023","Thomas Allen",47,"Austria","Female"
"30739537","Charles Moore",43,"Canada","Other"
"30855460","Paul White",56,"Sweden","Female"
"30912860","Karen Martinez",20,"Russia","Female"
"30913209","Nancy Young",22,"Canada","Female"
"30985722","Nancy Young",50,"Poland","Other"
"30988672","John Wilson",68,"Italy","Male"
"31007645","Robert Walker",57,"France","Male"
"31063925","Nancy Anderson",54,"Italy","Other"
"31069041","Daniel Anderson",48,"Japan","Female"
"31124692","Karen White",43,"Canada","Male"
"31162433","Barbara Clark",69,"Canada","Male"
"31178210","Kevin Thompson",41,"India","Female"
"31187179","Brian Young",44,"Germany","Other"
"31188792","Nancy Harris",31,"Sweden","Other"
"31241223","Daniel Williams",69,"Switzerland","Female"
"31260378","Brian Walker",54,"Turkey","Other"
"31319953","Karen Brown",42,"China","Other"
"31385451","Betty Harris",49,"New Zealand","Female"
"31425362","Jessica Lewis",19,"Mexico","Male"
"31500407","Barbara Smith",29,"Germany","Female"
"31559824","Nancy Johnson",56,"Russia","Female"
"31598106","Robert Hernandez",31,"New Zealand","Other"
"31616745","Thomas Miller",52,"Finland","Male"
"31662213","David Smith",55,"France","Other"
"31668589","Laura White",41,"Brazil","Other"
"31669242","Jane Harris",41,"Australia","Other"
"31727716","Daniel Robinson",35,"Spain","Female"
"31733621","Laura Johnson",47,"Netherlands","Female"
"31733654","Linda Johnson",36,"Switzerland","Female"
"31757271","Charles Wilson",20,"China","Male"
"31764594","Patricia Hall",58,"China","Female"
"31817706","Jessica Young",18,"Netherlands","Male"
"31839832","Lisa Harris",50,"Germany","Male"
"31849177","John Rodriguez",29,"Saudi Arabia","Male"
"31887051","Katie Martin",49,"Canada","Female"
"31887973","James Allen",52,"Brazil","Male"
"31889811","Laura Smith",57,"UK","Other"
"31944667","Sarah Smith",20,"Italy","Other"
"32021037","Thomas Wilson",48,"Japan","Female"
"32102983","Kevin Hall",37,"Mexico","Male"
"32125590","Jane White",52,"Brazil","Female"
"32126281","Robert Davis",41,"Canada","Female"
"32248913","Katie Williams",42,"Japan","Male"
"32398422","Jane Young",51,"Argentina","Other"
"32415191","Emily Clark",20,"Australia","Other"
"32467994","Jessica Allen",60,"Austria","Other"
"32488724","Barbara Williams",54,"New Zealand","Female"
"32498610","Robert Wilson",21,"Norway","Other"
"32577778","Chris Wilson",61,"Norway","Other"
"32592631","Susan Clark",35,"France","Male"
"32617936","Nancy Smith",63,"South Korea","Female"
"32644336","David Thompson",26,"Finland","Female"
"32710856","Susan Allen",62,"Argentina","Female"
"32749624","Daniel King",45,"Spain","Other"
"32773537","Kevin Allen",70,"Saudi Arabia","Male"
"32818456","James Walker",39,"Denmark","Male"
"32847394","Charles Williams",34,"Spain","Female"
"32939936","Betty Smith",27,"USA","Male"
"32965833","Lisa Lee",49,"France","Other"
"33013552","Lisa Jones",24,"Austria","Other"
"33017387","Robert Brown",35,"Belgium","Male"
"33023846","Thomas Miller",58,"Canada","Female"
"33029093","Laura Johnson",64,"Germany","Other"
"33033120","James Thomas",28,"Argentina","Male"
"33071192","Nancy Walker",69,"Australia","Other"
"33096779","Betty Harris",53,"USA","Female"
"33098857","Kevin Hall",70,"Japan","Female"
"33121288","Katie Martin",48,"Spain","Male"
"33214968","Michael Anderson",19,"Denmark","Female"
"33228985","Brian King",66,"South Africa","Female"
"33250362","Nancy Robinson",58,"Switzerland","Other"
"33260507","Sarah Clark",31,"Switzerland","Male"
"33261284","Katie Thompson",40,"Poland","Female"
"33279432","Robert Smith",60,"Belgium","Other"
"33282871","Brian Robinson",31,"Austria","Female"
"33291661","Linda Martinez",18,"Norway","Male"
"33300480","Sarah Anderson",40,"South Korea","Female"
"33362395","Jane Walker",68,"Norway","Male"
"33431754","Barbara King",31,"Norway","Other"
"33434940","Robert Hernandez",44,"Saudi Arabia","Other"
"33452361","Daniel Hall",30,"Mexico","Other"
"33457161","Thomas Robinson",56,"Canada","Female"
"33479807","Jessica Walker",31,"Russia","Other"
"33506449","Robert Jones",68,"UK","Male"
"33518079","Charles White",57,"Canada","Male"
"33577800","Joseph Martinez",65,"Austria","Female"
"33580866","Emily White",61,"Russia","Other"
"33583543","Robert King",69,"Belgium","Other"
"33587126","James Smith",54,"Netherlands","Male"
"33591806","Margaret Thompson",70,"Italy","Female"
"33614428","Jane Walker",61,"Poland","Other"
"33622085","David Garcia",44,"Netherlands","Male"
"33651880","John King",36,"Canada","Female"
"33658023","Daniel Jackson",37,"Turkey","Female"
"33659046","Nancy Martinez",25,"Netherlands","Male"
"33705095","Alex Robinson",58,"Spain","Male"
"33706322","Emily Johnson",36,"Austria","Female"
"33755449","Alex Davis",42,"Mexico","Female"
"33778112","Jessica Young",70,"Mexico","Other"
"33788990","Katie Lee",41,"Australia","Other"
"33807030","Alex Brown",56,"Ireland","Female"
"33865373","Jessica Moore",53,"Norway","Other"
"33866564","Linda Harris",39,"South Africa","Female"
"33904278","Lisa Walker",70,"Denmark","Female"
"33910513","Paul Jackson",26,"Norway","Female"
"33934276","Lisa Rodriguez",30,"Austria","Other"
"33993318","Jessica Allen",53,"Spain","Female"
"33995654","Betty Martinez",63,"Turkey","Other"
"34040508","Jane Garcia",31,"Australia","Other"
"34102593","Charles Anderson",45,"Argentina","Male"
"34124250","John Smith",56,"Mexico","Female"
"34150817","Alex Smith",29,"Switzerland","Female"
"34161935","Laura Davis",27,"Austria","Female"
"34177747","Nancy Smith",65,"Belgium","Other"
"34281672","Susan Walker",58,"New Zealand","Male"
"34383588","Thomas Williams",33,"China","Female"
"34384042","Margaret Johnson",65,"South Africa","Other"
"34442062","Susan Johnson",45,"Finland","Male"
"34556248","Jane Hall",58,"Turkey","Other"
"34582304","Nancy Hernandez",30,"Poland","Other"
"34618463","Linda Robinson",31,"Australia","Male"
"34658438","Karen Thompson",49,"Australia","Male"
"34679511","Jessica Walker",33,"Switzerland","Other"
"34858979","Robert Brown",39,"Sweden","Male"
"34863766","Robert Young",21,"Belgium","Male"
"34901647","Robert Allen",68,"India","Male"
"34919318","Thomas Garcia",29,"Italy","Female"
"34960438","Betty Martin",56,"India","Male"
"34965931","John Johnson",65,"Sweden","Female"
"34972055","Katie Smith",48,"Ireland","Female"
"35009482","Katie Williams",27,"Russia","Other"
"35021321","Linda Young",38,"Mexico","Other"
"35039277","Margaret Thompson",19,"Netherlands","Male"
"35045250","Margaret Garcia",60,"South Korea","Male"
"35047392","Emily Robinson",20,"Spain","Female"
"35116894","Emily Thomas",45,"South Korea","Female"
"35140004","Alex Johnson",18,"South Africa","Other"
"35153301","Barbara Thomas",23,"Brazil","Other"
"35177894","Susan Davis",59,"Austria","Male"
"35192186","Laura Walker",39,"South Korea","Female"
"35192299","Michael Young",44,"New Zealand","Other"
"35220143","Chris Taylor",37,"Denmark","Female"
"35227774","Charles Taylor",43,"Saudi Arabia","Other"
"35264447","Charles Hall",58,"Italy","Other"
"35290890","Margaret Walker",30,"Russia","Female"
"35330593","Daniel Moore",50,"Ireland","Other"
"35355224","Jessica Robinson",56,"Russia","Other"
"35370794","Joseph White",60,"Austria","Other"
"35388317","Nancy Hernandez",66,"Austria","Female"
"35394734","Brian Jackson",56,"Russia","Male"
"35418544","Thomas Thomas",69,"Norway","Other"
"35419030","James Smith",66,"Brazil","Male"
"35432082","Robert Lewis",21,"Germany","Other"
"35433662","Alex Wilson",60,"Japan","Other"
"35442153","Katie Rodriguez",37,"Argentina","Female"
"35489574","Linda Allen",69,"Brazil","Female"
"35560181","Barbara Lewis",61,"France","Male"
"35606448","Karen Clark",41,"Italy","Female"
"35640500","Jessica Moore",31,"UK","Other"
"35701646","Emily Hernandez",25,"Saudi Arabia","Female"
"35729292","James Martin",20,"Poland","Other"
"35849335","Linda Rodriguez",43,"India","Male"
"35864169","Daniel Martinez",60,"South Korea","Female"
"35935953","Robert Thomas",49,"Australia","Male"
"35937951","Katie Lee",51,"Australia","Female"
"36017955","Nancy Thomas",60,"New Zealand","Male"
"36083584","Jessica Rodriguez",68,"New Zealand","Male"
"36109630","Susan Brown",58,"Canada","Female"
"36122886","Linda Rodriguez",46,"Canada","Other"
"36154073","Brian Wilson",60,"Switzerland","Male"
"36157772","Chris Hall",26,"South Africa","Female"
"36188511","Jessica White",36,"Switzerland","Other"
"36257313","Laura Jackson",42,"Canada","Female"
"36271979","Nancy Walker",66,"France","Female"
"36288200","Jessica Lee",54,"Switzerland","Female"
"36349097","Kevin Smith",34,"France","Female"
"36404933","Betty Jackson",39,"South Korea","Male"
"36439985","Brian Hall",50,"USA","Other"
"36464641","Lisa Harris",41,"Belgium","Male"
"36495125","Nancy Davis",46,"Poland","Male"
"36502549","Thomas Lee",70,"Denmark","Female"
"36546868","David Lewis",67,"Norway","Other"
"36553207","Michael Jones",69,"New Zealand","Other"
"36557643","Jessica Lee",28,"Ireland","Male"
"36581507","Jane Thomas",70,"New Zealand","Other"
"36611463","Emily Martinez",25,"Germany","Other"
"36714440","Patricia Hernandez",26,"France","Female"
"36757524","Patricia Smith",50,"Turkey","Other"
"36775354","Nancy Jackson",37,"Poland","Other"
"36791999","Margaret Rodriguez",55,"Spain","Female"
"36856786","Jessica Young",36,"Argentina","Other"
"36910614","Daniel Johnson",26,"Saudi Arabia","Female"
"36915181","Patricia Martinez",70,"Poland","Female"
"36933405","Linda Rodriguez",43,"Austria","Female"
"36963214","Emily Jackson",19,"Poland","Female"
"36978196","Betty Harris",49,"Finland","Female"
"37026839","Linda Rodriguez",35,"Spain","Female"
"37068073","John Smith",32,"Brazil","Male"
"37092665","Barbara Martinez",35,"South Korea","Female"
"37123018","Jane Johnson",52,"Finland","Male"
"37179655","Emily Hall",28,"Italy","Male"
"37226272","Brian Johnson",58,"Mexico","Female"
"37238717","Katie Hernandez",39,"Canada","Other"
"37252377","Susan King",27,"Mexico","Other"
"37294596","Jessica Smith",34,"Switzerland","Other"
"37339809","Sarah Walker",59,"Mexico","Male"
"37343172","Mark Moore",61,"Finland","Other"
"37396841","Paul Moore",23,"Argentina","Female"
"37419728","Michael Clark",41,"Saudi Arabia","Female"
"37420720","Charles Lee",22,"New Zealand","Other"
"37422528","Michael Davis",64,"Spain","Male"
"37435998","Kevin Martin",28,"Russia","Female"
"37466720","John Thomas",49,"Denmark","Other"
"37468189","Nancy Jones",46,"Finland","Other"
"37490443","Barbara Brown",41,"France","Female"
"37522295","Daniel Young",43,"Italy","Female"
"37565781","Karen Brown",32,"India","Other"
"37643786","Jane Wilson",23,"USA","Male"
"37659112","Barbara Thomas",42,"India","Female"
"37706629","Karen Brown",56,"Netherlands","Female"
"37708732","Patricia Allen",69,"Brazil","Male"
"37723786","Robert Martinez",50,"Mexico","Other"
"37727952","Linda Jackson",37,"Russia","Other"
"37766583","Lisa Martin",48,"France","Female"
"37827989","Joseph Harris",58,"Austria","Female"
"37829487","Barbara Johnson",59,"Belgium","Other"
"37911248","Jane Young",70,"Austria","Male"
"37941785","Charles Brown",70,"India","Other"
"38049880","Jessica Smith",64,"Denmark","Female"
"38055594","Brian Hernandez",55,"Brazil","Male"
"38068919","Thomas King",34,"New Zealand","Female"
"38100517","Margaret Brown",63,"USA","Female"
"38132168","Mark Wilson",54,"Sweden","Other"
"38179194","Laura Miller",49,"Russia","Other"
"38222088","Karen Brown",36,"Norway","Other"
"38293596","Joseph Davis",65,"Austria","Female"
"38317154","James Walker",39,"Saudi Arabia","Other"
"38323067","Lisa Johnson",52,"South Korea","Female"
"38337633","Lisa Thompson",34,"Ireland","Male"
"38342935","Katie Wilson",24,"Argentina","Female"
"38436635","Brian King",47,"Sweden","Female"
"38465050","Jessica Martin",63,"Germany","Other"
"38523044","Barbara Johnson",34,"Japan","Other"
"38731746","Lisa Miller",58,"Canada","Other"
"38736263","Patricia Thomas",22,"India","Female"
"38763767","Kevin Walker",49,"Japan","Other"
"38781158","Susan Young",34,"Spain","Other"
"38853323","Robert King",33,"Turkey","Male"
"38885272","Katie Taylor",67,"Spain","Male"
"38937590","Laura Jones",44,"Netherlands","Male"
"38950395","Paul Davis",35,"Canada","Female"
"38968408","Daniel Williams",41,"France","Other"
"38978172","Brian Robinson",41,"Turkey","Female"
"38990345","Jane Taylor",18,"New Zealand","Female"
"39010350","Charles Martinez",64,"Mexico","Other"
"39028341","Michael Smith",67,"Saudi Arabia","Female"
"39037163","Chris Jones",45,"Turkey","Male"
"39044050","Jessica Anderson",53,"South Korea","Other"
"39052243","Katie Taylor",59,"Austria","Other"
"39061760","Betty White",22,"Netherlands","Male"
"39082468","Patricia King",21,"Ireland","Female"
"39146470","Charles Moore",35,"Denmark","Other"
"39204929","Alex Garcia",69,"Austria","Female"
"39223571","Patricia Lewis",55,"Saudi Arabia","Male"
"39227796","Jessica Harris",55,"Denmark","Male"
"39319649","Jane Jackson",47,"Australia","Other"
"39322716","Lisa Miller",60,"Canada","Male"
"39324546","Alex Robinson",30,"Canada","Male"
"39334748","David Martin",24,"New Zealand","Male"
"39361297","James Williams",39,"Canada","Other"
"39403038","John Garcia",38,"Spain","Female"
"39446138","Katie Rodriguez",67,"New Zealand","Other"
"39459129","Lisa Smith",53,"Australia","Other"
"39482136","Lisa Thomas",28,"Norway","Male"
"39524248","David Anderson",38,"Sweden","Male"
"39622853","Jessica Rodriguez",31,"Turkey","Female"
"39654762","Robert Williams",62,"Austria","Female"
"39663272","Mark Clark",32,"South Korea","Female"
"39671216","Paul Smith",69,"Switzerland","Male"
"39673466","Mark Garcia",33,"Canada","Male"
"39758678","Katie Harris",22,"Brazil","Male"
"39760170","David Allen",70,"Spain","Other"
"39795967","Barbara Harris",43,"Poland","Other"
"39798081","Patricia Miller",32,"Ireland","Other"
"39834113","Chris Williams",39,"Australia","Other"
"39869522","David Jones",52,"Canada","Male"
"39899978","Brian Jones",40,"Japan","Male"
"39911920","David Brown",44,"Japan","Male"
"39935274","Kevin King",45,"Russia","Other"
"39941720","Alex Williams",47,"India","Female"
"39970405","Michael King",33,"India","Other"
"39980669","Charles Hernandez",48,"Denmark","Other"
"39990790","Daniel Allen",45,"Australia","Female"
"40044821","Karen Clark",55,"Norway","Male"
"40045419","Kevin Harris",37,"Poland","Male"
"40051659","Alex Walker",25,"Germany","Male"
"40070349","Laura Robinson",24,"Germany","Male"
"40080833","Laura Hall",44,"South Korea","Male"
"40084096","Katie Thomas",31,"USA","Male"
"40130306","Mark Clark",38,"Switzerland","Other"
"40212239","Margaret Miller",49,"Poland","Male"
"40237093","Sarah King",57,"Poland","Male"
"40280688","Katie Thomas",34,"Sweden","Male"
"40286953","Barbara King",30,"France","Male"
"40289887","Linda Miller",57,"Sweden","Female"
"40529387","Jessica Thomas",32,"Mexico","Other"
"40576653","Brian Lewis",49,"New Zealand","Female"
"40601456","David Hernandez",58,"Spain","Other"
"40652120","Laura Thompson",32,"Argentina","Male"
"40754921","Katie Taylor",50,"Saudi Arabia","Other"
"40797591","Robert Garcia",59,"Austria","Male"
"40837142","James Taylor",55,"France","Female"
"40964799","Joseph Smith",31,"Sweden","Male"
"40997928","Paul Hernandez",56,"Turkey","Other"
"41088397","Sarah King",56,"France","Other"
"41089194","Betty Williams",34,"Netherlands","Female"
"41100002","Kevin Moore",48,"Russia","Female"
