"user_id","name","age","country_id","gender_id","email"
1,"Emma Williams",19,118,1,"emma.williams@example.com"
2,"Thomas Lopez",36,123,1,"thomas.lopez@example.com"
3,"Brandon Green",61,65,1,"brandon.green@example.com"
4,"Benjamin Robinson",19,96,0,"benjamin.robinson@example.com"
5,"Isabella Davis",70,40,1,"isabella.davis@example.com"
6,"Lisa Brown",64,4,1,"lisa.brown@example.com"
7,"Victoria Anderson",31,126,1,"victoria.anderson@example.com"
8,"Brandon Martinez",49,156,0,"brandon.martinez@example.com"
9,"Nancy Miller",35,53,0,"nancy.miller@example.com"
10,"Andrew Jackson",66,67,0,"andrew.jackson@example.com"
11,"Barbara Thompson",46,120,0,"barbara.thompson@example.com"
12,"Kevin Brown",58,158,0,"kevin.brown@example.com"
13,"Brandon Walker",31,47,0,"brandon.walker@example.com"
14,"Sophia Wilson",40,22,1,"sophia.wilson@example.com"
15,"Benjamin Harris",46,79,0,"benjamin.harris@example.com"
16,"Alexander Lee",67,43,0,"alexander.lee@example.com"
17,"Margaret Brown",35,81,0,"margaret.brown@example.com"
18,"Lucas Martin",55,77,0,"lucas.martin@example.com"
19,"Joseph Hall",65,41,0,"joseph.hall@example.com"
20,"John Brown",60,143,0,"john.brown@example.com"
21,"Emma Davis",32,20,1,"emma.davis@example.com"
22,"Mark Scott",51,121,1,"mark.scott@example.com"
23,"Olivia King",64,165,0,"olivia.king@example.com"
24,"Alexander Lewis",26,56,1,"alexander.lewis@example.com"
25,"Linda Johnson",27,99,0,"linda.johnson@example.com"
26,"Mason Gonzalez",31,195,0,"mason.gonzalez@example.com"
27,"Katie Hill",52,49,1,"katie.hill@example.com"
28,"Margaret Hernandez",64,58,1,"margaret.hernandez@example.com"
29,"Jacob Robinson",37,21,0,"jacob.robinson@example.com"
30,"Karen Miller",47,170,0,"karen.miller@example.com"
31,"Victoria Jackson",59,6,0,"victoria.jackson@example.com"
32,"Alexander Williams",42,10,0,"alexander.williams@example.com"
33,"Emma Wright",32,20,0,"emma.wright@example.com"
34,"Sarah Davis",66,74,1,"sarah.davis@example.com"
35,"Susan Lewis",50,140,1,"susan.lewis@example.com"
36,"John Green",59,73,1,"john.green@example.com"
37,"Andrew Wright",27,44,1,"andrew.wright@example.com"
38,"Jessica Thompson",67,135,0,"jessica.thompson@example.com"
39,"Thomas Garcia",28,65,1,"thomas.garcia@example.com"
40,"Margaret Hernandez",44,48,0,"margaret.hernandez@example.com"
41,"James Green",37,169,1,"james.green@example.com"
42,"Anna Young",50,58,0,"anna.young@example.com"
43,"Mia Johnson",70,160,0,"mia.johnson@example.com"
44,"Olivia Williams",41,113,1,"olivia.williams@example.com"
45,"Victoria Smith",23,192,1,"victoria.smith@example.com"
46,"James White",35,51,0,"james.white@example.com"
47,"David Lewis",28,124,1,"david.lewis@example.com"
48,"Andrew Martin",25,144,0,"andrew.martin@example.com"
49,"Lisa Rodriguez",38,108,1,"lisa.rodriguez@example.com"
50,"Noah Harris",18,66,0,"noah.harris@example.com"
51,"Sarah Jones",57,59,0,"sarah.jones@example.com"
52,"Paul White",34,20,1,"paul.white@example.com"
53,"Benjamin Smith",46,168,0,"benjamin.smith@example.com"
54,"Noah Allen",68,97,0,"noah.allen@example.com"
55,"Charles Brown",51,22,0,"charles.brown@example.com"
56,"Susan Hall",34,149,0,"susan.hall@example.com"
57,"Ethan Wright",66,26,1,"ethan.wright@example.com"
58,"Benjamin Adams",31,182,0,"benjamin.adams@example.com"
59,"Nancy Jackson",33,139,1,"nancy.jackson@example.com"
60,"Victoria Green",51,14,1,"victoria.green@example.com"
61,"Emma Johnson",27,110,0,"emma.johnson@example.com"
62,"Paul Lee",54,171,1,"paul.lee@example.com"
63,"Sarah Williams",37,9,1,"sarah.williams@example.com"
64,"Jane Johnson",35,54,0,"jane.johnson@example.com"
65,"Anna Baker",51,188,0,"anna.baker@example.com"
66,"Brian Wilson",38,86,0,"brian.wilson@example.com"
67,"Olivia Green",55,114,1,"olivia.green@example.com"
68,"Anna Carter",33,130,0,"anna.carter@example.com"
69,"Alex Brown",24,11,0,"alex.brown@example.com"
70,"Brian Brown",53,26,0,"brian.brown@example.com"
71,"Sophia Allen",63,76,1,"sophia.allen@example.com"
72,"Benjamin Jackson",68,145,1,"benjamin.jackson@example.com"
73,"Katie Williams",34,100,1,"katie.williams@example.com"
74,"Isabella Taylor",60,46,1,"isabella.taylor@example.com"
75,"Betty Brown",53,26,1,"betty.brown@example.com"
76,"Paul Anderson",54,8,1,"paul.anderson@example.com"
77,"Jessica Rodriguez",60,68,0,"jessica.rodriguez@example.com"
78,"Robert Adams",70,38,1,"robert.adams@example.com"
79,"Jessica Clark",18,125,0,"jessica.clark@example.com"
80,"Susan Jackson",54,101,1,"susan.jackson@example.com"
81,"Michael Williams",27,111,0,"michael.williams@example.com"
82,"Lucas Thomas",53,135,1,"lucas.thomas@example.com"
83,"Daniel Wright",30,137,0,"daniel.wright@example.com"
84,"Karen Thomas",67,83,0,"karen.thomas@example.com"
85,"Patricia White",60,16,1,"patricia.white@example.com"
86,"Daniel Moore",54,153,0,"daniel.moore@example.com"
87,"Sarah Garcia",36,120,0,"sarah.garcia@example.com"
88,"Mia Smith",66,58,1,"mia.smith@example.com"
89,"Susan Adams",47,118,0,"susan.adams@example.com"
90,"Laura Gonzalez",66,57,0,"laura.gonzalez@example.com"
91,"Olivia Moore",24,67,0,"olivia.moore@example.com"
92,"Sophia Garcia",25,170,1,"sophia.garcia@example.com"
93,"Ethan Scott",35,92,0,"ethan.scott@example.com"
94,"Isabella Wilson",18,166,0,"isabella.wilson@example.com"
95,"Anna Hill",44,44,0,"anna.hill@example.com"
96,"Lisa Martinez",26,187,0,"lisa.martinez@example.com"
97,"Andrew Scott",63,91,1,"andrew.scott@example.com"
98,"Linda Harris",26,40,1,"linda.harris@example.com"
99,"Isabella Lee",23,126,1,"isabella.lee@example.com"
100,"Logan Davis",57,110,0,"logan.davis@example.com"
101,"Emma Adams",68,182,0,"emma.adams@example.com"
102,"Jessica Allen",53,99,1,"jessica.allen@example.com"
103,"James Walker",39,191,1,"james.walker@example.com"
104,"Victoria Young",54,195,0,"victoria.young@example.com"
105,"Emma Scott",38,185,1,"emma.scott@example.com"
106,"Barbara Jackson",62,72,1,"barbara.jackson@example.com"
107,"Margaret Smith",18,85,0,"margaret.smith@example.com"
108,"Chris Thomas",58,15,1,"chris.thomas@example.com"
109,"Alex Lopez",18,184,1,"alex.lopez@example.com"
110,"Barbara Johnson",34,136,1,"barbara.johnson@example.com"
111,"Logan Thompson",59,42,0,"logan.thompson@example.com"
112,"Olivia Davis",21,17,1,"olivia.davis@example.com"
113,"David Williams",21,11,0,"david.williams@example.com"
114,"Anna Williams",35,111,1,"anna.williams@example.com"
115,"Andrew Thompson",39,95,0,"andrew.thompson@example.com"
116,"Ethan Scott",31,3,1,"ethan.scott@example.com"
117,"Karen Anderson",48,97,1,"karen.anderson@example.com"
118,"Emma Hall",20,47,0,"emma.hall@example.com"
119,"Laura Baker",55,42,0,"laura.baker@example.com"
120,"Mason Allen",31,181,0,"mason.allen@example.com"
121,"Benjamin Jones",18,55,1,"benjamin.jones@example.com"
122,"Sophia Allen",40,161,0,"sophia.allen@example.com"
123,"Katie Nelson",22,137,1,"katie.nelson@example.com"
124,"Charles Young",37,53,0,"charles.young@example.com"
125,"Ashley Hill",70,33,1,"ashley.hill@example.com"
126,"David Walker",45,74,0,"david.walker@example.com"
127,"Kevin Adams",31,158,0,"kevin.adams@example.com"
128,"Sarah Williams",23,185,1,"sarah.williams@example.com"
129,"Jane Wright",28,171,1,"jane.wright@example.com"
130,"Mia Williams",52,91,0,"mia.williams@example.com"
131,"Lisa Lopez",54,86,0,"lisa.lopez@example.com"
132,"Thomas Lopez",56,190,1,"thomas.lopez@example.com"
133,"Anna Taylor",58,141,1,"anna.taylor@example.com"
134,"Chris Brown",25,135,1,"chris.brown@example.com"
135,"Joseph Nelson",30,156,1,"joseph.nelson@example.com"
136,"Noah Moore",64,11,1,"noah.moore@example.com"
137,"Mason Wilson",25,112,1,"mason.wilson@example.com"
138,"Betty Thomas",56,97,1,"betty.thomas@example.com"
139,"Ethan Hall",29,90,0,"ethan.hall@example.com"
140,"Jane Thompson",65,88,0,"jane.thompson@example.com"
141,"Jane Clark",30,142,1,"jane.clark@example.com"
142,"Emma Robinson",31,164,1,"emma.robinson@example.com"
143,"Sophia Jones",40,63,0,"sophia.jones@example.com"
144,"Jane Nelson",47,84,0,"jane.nelson@example.com"
145,"Barbara Young",55,30,1,"barbara.young@example.com"
146,"Victoria Smith",57,34,1,"victoria.smith@example.com"
147,"Anna Young",33,16,0,"anna.young@example.com"
148,"Paul Lewis",36,8,0,"paul.lewis@example.com"
149,"Noah Nelson",43,142,1,"noah.nelson@example.com"
150,"Nancy Hernandez",29,31,0,"nancy.hernandez@example.com"
151,"Alex Rodriguez",30,128,0,"alex.rodriguez@example.com"
152,"Emma Taylor",18,178,1,"emma.taylor@example.com"
153,"Jacob Martinez",19,113,1,"jacob.martinez@example.com"
154,"Mark Rodriguez",64,139,1,"mark.rodriguez@example.com"
155,"John Allen",63,92,0,"john.allen@example.com"
156,"Brian Jackson",22,16,1,"brian.jackson@example.com"
157,"John Gonzalez",50,145,0,"john.gonzalez@example.com"
158,"Charles Carter",34,112,1,"charles.carter@example.com"
159,"Olivia Thomas",51,107,1,"olivia.thomas@example.com"
160,"Barbara Martinez",53,75,0,"barbara.martinez@example.com"
161,"Karen Wilson",61,25,0,"karen.wilson@example.com"
162,"Anna Young",52,103,0,"anna.young@example.com"
163,"Joseph King",30,171,0,"joseph.king@example.com"
164,"Victoria Lewis",40,36,0,"victoria.lewis@example.com"
165,"David Smith",43,94,1,"david.smith@example.com"
166,"Kevin Jones",62,55,0,"kevin.jones@example.com"
167,"Noah Rodriguez",52,32,0,"noah.rodriguez@example.com"
168,"Betty Smith",59,97,0,"betty.smith@example.com"
169,"James Lopez",49,153,1,"james.lopez@example.com"
170,"Kevin Walker",46,120,1,"kevin.walker@example.com"
171,"Alex Gonzalez",53,15,0,"alex.gonzalez@example.com"
172,"Ashley Gonzalez",31,91,0,"ashley.gonzalez@example.com"
173,"Patricia Allen",43,28,1,"patricia.allen@example.com"
174,"Karen Martinez",31,179,1,"karen.martinez@example.com"
175,"Jacob Jackson",46,24,0,"jacob.jackson@example.com"
176,"Mark Adams",42,94,1,"mark.adams@example.com"
177,"Michael Taylor",32,65,0,"michael.taylor@example.com"
178,"Jane Wright",21,56,1,"jane.wright@example.com"
179,"Emma Robinson",69,48,0,"emma.robinson@example.com"
180,"Paul Hill",50,139,1,"paul.hill@example.com"
181,"Mason Young",55,29,0,"mason.young@example.com"
182,"Logan Miller",32,17,0,"logan.miller@example.com"
183,"Emma Miller",27,1,1,"emma.miller@example.com"
184,"Patricia Lopez",26,187,1,"patricia.lopez@example.com"
185,"Kevin Lewis",37,189,0,"kevin.lewis@example.com"
186,"Anna Martinez",50,100,1,"anna.martinez@example.com"
187,"Joseph Martin",69,172,0,"joseph.martin@example.com"
188,"Daniel Carter",68,180,1,"daniel.carter@example.com"
189,"Mason Nelson",49,9,0,"mason.nelson@example.com"
190,"Sarah Baker",36,156,0,"sarah.baker@example.com"
191,"Olivia Green",69,178,1,"olivia.green@example.com"
192,"Charles Harris",57,195,1,"charles.harris@example.com"
193,"Mason Scott",44,43,0,"mason.scott@example.com"
194,"Michael Jackson",64,182,0,"michael.jackson@example.com"
195,"Chris Nelson",66,174,0,"chris.nelson@example.com"
196,"Alexander Thompson",43,44,1,"alexander.thompson@example.com"
197,"Patricia Hall",25,87,0,"patricia.hall@example.com"
198,"Alexander Martin",21,131,0,"alexander.martin@example.com"
199,"Mason Johnson",54,195,0,"mason.johnson@example.com"
200,"Michael Clark",40,93,0,"michael.clark@example.com"
201,"Isabella Carter",66,8,1,"isabella.carter@example.com"
202,"Alex White",35,120,1,"alex.white@example.com"
203,"Daniel Green",64,179,0,"daniel.green@example.com"
204,"Jacob Allen",40,155,1,"jacob.allen@example.com"
205,"Brandon Nelson",67,74,0,"brandon.nelson@example.com"
206,"Brandon Scott",55,79,1,"brandon.scott@example.com"
207,"Patricia Smith",21,66,1,"patricia.smith@example.com"
208,"Brandon Taylor",57,145,1,"brandon.taylor@example.com"
209,"Isabella Moore",27,126,1,"isabella.moore@example.com"
210,"Ashley Martinez",56,14,1,"ashley.martinez@example.com"
211,"Ethan Moore",67,190,1,"ethan.moore@example.com"
212,"Victoria Robinson",25,78,0,"victoria.robinson@example.com"
213,"Benjamin Jackson",20,18,0,"benjamin.jackson@example.com"
214,"Jacob Hall",60,97,0,"jacob.hall@example.com"
215,"Michael Hernandez",55,22,0,"michael.hernandez@example.com"
216,"Victoria Adams",69,108,0,"victoria.adams@example.com"
217,"Susan Lee",46,95,1,"susan.lee@example.com"
218,"Anna Lewis",33,80,0,"anna.lewis@example.com"
219,"Daniel Nelson",58,127,0,"daniel.nelson@example.com"
220,"Kevin White",18,112,1,"kevin.white@example.com"
221,"Brian Lopez",68,184,0,"brian.lopez@example.com"
222,"Kevin Jackson",58,118,0,"kevin.jackson@example.com"
223,"Katie Thompson",62,109,1,"katie.thompson@example.com"
224,"Emma White",68,48,1,"emma.white@example.com"
225,"Ethan Martin",18,94,0,"ethan.martin@example.com"
226,"Mark Thomas",59,65,0,"mark.thomas@example.com"
227,"Liam Taylor",60,176,1,"liam.taylor@example.com"
228,"Laura Gonzalez",18,141,0,"laura.gonzalez@example.com"
229,"Nancy Baker",34,99,1,"nancy.baker@example.com"
230,"Anna Walker",32,125,1,"anna.walker@example.com"
231,"Robert Davis",66,136,0,"robert.davis@example.com"
232,"Katie Harris",20,56,0,"katie.harris@example.com"
233,"Mia Rodriguez",68,22,0,"mia.rodriguez@example.com"
234,"Chris Walker",58,76,1,"chris.walker@example.com"
235,"Olivia Lopez",39,6,0,"olivia.lopez@example.com"
236,"Jane Smith",67,51,1,"jane.smith@example.com"
237,"John Gonzalez",24,144,1,"john.gonzalez@example.com"
238,"Chris Jackson",41,16,1,"chris.jackson@example.com"
239,"Linda Robinson",68,22,0,"linda.robinson@example.com"
240,"David Jones",31,162,1,"david.jones@example.com"
241,"Charles Walker",55,157,1,"charles.walker@example.com"
242,"Mia Robinson",33,110,1,"mia.robinson@example.com"
243,"Ethan Smith",21,178,1,"ethan.smith@example.com"
244,"Brandon Hall",48,66,1,"brandon.hall@example.com"
245,"Jessica Anderson",51,22,0,"jessica.anderson@example.com"
246,"Brian Thompson",45,189,0,"brian.thompson@example.com"
247,"Chris Thomas",43,83,0,"chris.thomas@example.com"
248,"Nancy Hernandez",41,123,1,"nancy.hernandez@example.com"
249,"Olivia Hernandez",26,86,1,"olivia.hernandez@example.com"
250,"Kevin Lee",27,106,1,"kevin.lee@example.com"
251,"Nancy White",44,89,1,"nancy.white@example.com"
252,"Isabella Jackson",62,130,0,"isabella.jackson@example.com"
253,"Alex Allen",58,188,0,"alex.allen@example.com"
254,"Mark Johnson",46,72,1,"mark.johnson@example.com"
255,"Susan Carter",19,38,1,"susan.carter@example.com"
256,"Jane Adams",68,36,1,"jane.adams@example.com"
257,"Alexander Thomas",35,118,0,"alexander.thomas@example.com"
258,"Chris Johnson",23,86,0,"chris.johnson@example.com"
259,"Nancy Smith",19,94,1,"nancy.smith@example.com"
260,"Liam Harris",56,53,0,"liam.harris@example.com"
261,"Brian Harris",23,177,0,"brian.harris@example.com"
262,"Katie Hernandez",58,162,1,"katie.hernandez@example.com"
263,"Linda Jones",50,150,0,"linda.jones@example.com"
264,"Charles White",69,136,0,"charles.white@example.com"
265,"Laura White",43,133,0,"laura.white@example.com"
266,"John Lopez",48,16,1,"john.lopez@example.com"
267,"Alex Baker",48,18,1,"alex.baker@example.com"
268,"Lisa Allen",36,143,1,"lisa.allen@example.com"
269,"Mason Lee",64,133,1,"mason.lee@example.com"
270,"Thomas Walker",67,181,0,"thomas.walker@example.com"
271,"Ethan Hernandez",31,92,1,"ethan.hernandez@example.com"
272,"Robert Baker",44,64,1,"robert.baker@example.com"
273,"Thomas Wright",53,80,0,"thomas.wright@example.com"
274,"Mark Baker",55,51,1,"mark.baker@example.com"
275,"Katie Adams",43,134,0,"katie.adams@example.com"
276,"Joseph Jones",50,171,1,"joseph.jones@example.com"
277,"John Lee",66,192,0,"john.lee@example.com"
278,"Isabella Smith",42,19,1,"isabella.smith@example.com"
279,"Ethan Jones",39,110,0,"ethan.jones@example.com"
280,"Ethan Hernandez",33,152,1,"ethan.hernandez@example.com"
281,"Daniel Brown",56,72,1,"daniel.brown@example.com"
282,"Ashley Lewis",36,178,0,"ashley.lewis@example.com"
283,"Logan Wright",53,56,1,"logan.wright@example.com"
284,"Lucas Lewis",70,43,1,"lucas.lewis@example.com"
285,"Katie Nelson",66,66,0,"katie.nelson@example.com"
286,"Barbara Wright",29,2,0,"barbara.wright@example.com"
287,"Linda Young",55,74,1,"linda.young@example.com"
288,"Emma Nelson",65,132,0,"emma.nelson@example.com"
289,"Laura King",26,23,0,"laura.king@example.com"
290,"John Green",49,68,0,"john.green@example.com"
291,"Robert Hernandez",31,179,1,"robert.hernandez@example.com"
292,"Paul Jones",64,187,0,"paul.jones@example.com"
293,"Benjamin Smith",45,158,1,"benjamin.smith@example.com"
294,"Lisa Thomas",22,2,1,"lisa.thomas@example.com"
295,"Mason Adams",21,30,1,"mason.adams@example.com"
296,"Benjamin Young",57,127,0,"benjamin.young@example.com"
297,"Anna Hill",25,21,0,"anna.hill@example.com"
298,"Brian Taylor",52,189,1,"brian.taylor@example.com"
299,"Robert Clark",70,103,1,"robert.clark@example.com"
300,"Laura Scott",27,117,0,"laura.scott@example.com"
301,"Lisa Anderson",31,30,0,"lisa.anderson@example.com"
302,"Alexander Smith",67,96,0,"alexander.smith@example.com"
303,"Liam Williams",20,9,1,"liam.williams@example.com"
304,"Kevin Brown",65,173,1,"kevin.brown@example.com"
305,"Mia Garcia",48,108,0,"mia.garcia@example.com"
306,"Margaret Taylor",69,97,0,"margaret.taylor@example.com"
307,"Benjamin Wright",41,9,1,"benjamin.wright@example.com"
308,"Brandon Walker",18,82,0,"brandon.walker@example.com"
309,"Mason Carter",20,131,1,"mason.carter@example.com"
310,"Daniel Jones",50,71,0,"daniel.jones@example.com"
311,"David White",34,178,1,"david.white@example.com"
312,"Brandon Hall",45,97,1,"brandon.hall@example.com"
313,"Paul Hernandez",27,108,1,"paul.hernandez@example.com"
314,"Jane Harris",68,72,0,"jane.harris@example.com"
315,"Ashley Scott",20,51,1,"ashley.scott@example.com"
316,"Betty Martin",48,41,0,"betty.martin@example.com"
317,"Daniel Allen",35,139,1,"daniel.allen@example.com"
318,"Brandon Thompson",67,194,1,"brandon.thompson@example.com"
319,"Olivia Gonzalez",60,37,1,"olivia.gonzalez@example.com"
320,"Noah Davis",23,5,0,"noah.davis@example.com"
321,"Alexander Walker",66,152,1,"alexander.walker@example.com"
322,"Lucas Carter",52,149,0,"lucas.carter@example.com"
323,"Jacob Thompson",48,194,0,"jacob.thompson@example.com"
324,"Victoria Miller",69,148,1,"victoria.miller@example.com"
325,"Ethan Taylor",34,12,0,"ethan.taylor@example.com"
326,"Liam Adams",48,179,0,"liam.adams@example.com"
327,"Charles Smith",27,94,1,"charles.smith@example.com"
328,"James White",43,192,0,"james.white@example.com"
329,"James Clark",36,136,1,"james.clark@example.com"
330,"Noah Hernandez",50,30,0,"noah.hernandez@example.com"
331,"Jane King",42,35,0,"jane.king@example.com"
332,"Olivia Garcia",58,78,0,"olivia.garcia@example.com"
333,"Mason Wright",55,174,1,"mason.wright@example.com"
334,"Logan Davis",38,110,0,"logan.davis@example.com"
335,"Noah Green",18,6,1,"noah.green@example.com"
336,"Logan Allen",21,95,1,"logan.allen@example.com"
337,"Kevin Gonzalez",57,103,0,"kevin.gonzalez@example.com"
338,"Betty Lewis",27,72,0,"betty.lewis@example.com"
339,"Paul Young",20,112,1,"paul.young@example.com"
340,"Barbara Johnson",62,57,0,"barbara.johnson@example.com"
341,"Jessica Clark",58,109,0,"jessica.clark@example.com"
342,"Mia Davis",48,159,1,"mia.davis@example.com"
343,"Patricia Scott",27,53,1,"patricia.scott@example.com"
344,"Ethan Harris",51,74,0,"ethan.harris@example.com"
345,"Chris Brown",27,64,0,"chris.brown@example.com"
346,"Brandon Miller",39,109,0,"brandon.miller@example.com"
347,"Katie Robinson",25,72,1,"katie.robinson@example.com"
348,"Linda Scott",66,3,0,"linda.scott@example.com"
349,"Paul Wilson",68,155,1,"paul.wilson@example.com"
350,"Ethan Hall",44,178,1,"ethan.hall@example.com"
351,"Mia Miller",53,150,1,"mia.miller@example.com"
352,"Michael Walker",60,61,0,"michael.walker@example.com"
353,"Alex Gonzalez",51,78,1,"alex.gonzalez@example.com"
354,"Linda Anderson",21,152,1,"linda.anderson@example.com"
355,"Katie Martin",62,97,0,"katie.martin@example.com"
356,"Victoria Miller",23,99,0,"victoria.miller@example.com"
357,"Robert Wright",33,192,1,"robert.wright@example.com"
358,"Margaret Williams",45,23,1,"margaret.williams@example.com"
359,"Linda Lopez",41,153,0,"linda.lopez@example.com"
360,"Jane Green",46,133,1,"jane.green@example.com"
361,"Susan Wilson",52,56,0,"susan.wilson@example.com"
362,"Karen Miller",29,54,0,"karen.miller@example.com"
363,"Jacob Smith",69,156,0,"jacob.smith@example.com"
364,"Ethan Smith",36,98,0,"ethan.smith@example.com"
365,"Paul Nelson",53,166,0,"paul.nelson@example.com"
366,"Jessica Hernandez",36,35,1,"jessica.hernandez@example.com"
367,"Karen Brown",59,137,0,"karen.brown@example.com"
368,"Michael King",23,144,1,"michael.king@example.com"
369,"Charles Allen",70,193,0,"charles.allen@example.com"
370,"James Jones",42,174,1,"james.jones@example.com"
371,"Victoria Lewis",27,158,1,"victoria.lewis@example.com"
372,"Benjamin Moore",62,83,1,"benjamin.moore@example.com"
373,"Lisa White",31,46,0,"lisa.white@example.com"
374,"Olivia Smith",44,42,1,"olivia.smith@example.com"
375,"Daniel Anderson",35,16,1,"daniel.anderson@example.com"
376,"Patricia Miller",51,148,1,"patricia.miller@example.com"
377,"Ashley Jackson",60,5,0,"ashley.jackson@example.com"
378,"Anna Davis",37,115,0,"anna.davis@example.com"
379,"Thomas Anderson",66,59,0,"thomas.anderson@example.com"
380,"Joseph Walker",66,160,1,"joseph.walker@example.com"
381,"Logan Thompson",23,164,1,"logan.thompson@example.com"
382,"Emma Johnson",38,43,1,"emma.johnson@example.com"
383,"Anna Walker",42,13,0,"anna.walker@example.com"
384,"Joseph Wright",31,119,1,"joseph.wright@example.com"
385,"Robert Harris",43,98,0,"robert.harris@example.com"
386,"Anna Lee",40,166,0,"anna.lee@example.com"
387,"Ashley Anderson",61,36,1,"ashley.anderson@example.com"
388,"Jacob Johnson",30,155,0,"jacob.johnson@example.com"
389,"Patricia Moore",37,100,1,"patricia.moore@example.com"
390,"Jacob Thomas",29,173,1,"jacob.thomas@example.com"
391,"Katie Wright",23,193,0,"katie.wright@example.com"
392,"Emma Clark",39,92,0,"emma.clark@example.com"
393,"Chris Hernandez",23,174,0,"chris.hernandez@example.com"
394,"Benjamin Wilson",44,13,0,"benjamin.wilson@example.com"
395,"Ashley Lee",47,3,0,"ashley.lee@example.com"
396,"Kevin Gonzalez",22,19,1,"kevin.gonzalez@example.com"
397,"Nancy Allen",26,104,0,"nancy.allen@example.com"
398,"Mason Hernandez",58,143,0,"mason.hernandez@example.com"
399,"Joseph Scott",62,10,0,"joseph.scott@example.com"
400,"Ashley Thomas",47,89,1,"ashley.thomas@example.com"
401,"Emily Adams",46,36,0,"emily.adams@example.com"
402,"Ashley Wright",54,80,1,"ashley.wright@example.com"
403,"Thomas Hill",36,13,1,"thomas.hill@example.com"
404,"Karen Green",64,23,1,"karen.green@example.com"
405,"Alex Thompson",62,80,1,"alex.thompson@example.com"
406,"Victoria Wright",41,9,1,"victoria.wright@example.com"
407,"Karen Garcia",33,106,0,"karen.garcia@example.com"
408,"Mia Brown",34,121,0,"mia.brown@example.com"
409,"Chris Young",55,75,0,"chris.young@example.com"
410,"Emily Miller",63,178,1,"emily.miller@example.com"
411,"Margaret Lewis",19,48,1,"margaret.lewis@example.com"
412,"Katie Clark",55,69,0,"katie.clark@example.com"
413,"James Carter",49,129,1,"james.carter@example.com"
414,"Linda Robinson",30,39,1,"linda.robinson@example.com"
415,"Lucas Thompson",69,103,1,"lucas.thompson@example.com"
416,"David Clark",36,109,1,"david.clark@example.com"
417,"Victoria Hernandez",53,170,0,"victoria.hernandez@example.com"
418,"Linda Lewis",41,183,0,"linda.lewis@example.com"
419,"Mark Lee",45,142,0,"mark.lee@example.com"
420,"Katie Green",65,45,0,"katie.green@example.com"
421,"Paul Walker",18,19,1,"paul.walker@example.com"
422,"Andrew Robinson",63,113,0,"andrew.robinson@example.com"
423,"Liam Young",40,113,1,"liam.young@example.com"
424,"Robert Rodriguez",42,53,1,"robert.rodriguez@example.com"
425,"Benjamin Lee",59,132,1,"benjamin.lee@example.com"
426,"Jane Johnson",24,108,1,"jane.johnson@example.com"
427,"Alexander Wilson",45,1,0,"alexander.wilson@example.com"
428,"Chris Garcia",34,118,1,"chris.garcia@example.com"
429,"Laura White",42,90,0,"laura.white@example.com"
430,"Victoria Gonzalez",18,32,0,"victoria.gonzalez@example.com"
431,"Alexander Jackson",49,92,0,"alexander.jackson@example.com"
432,"Mason Jackson",19,156,1,"mason.jackson@example.com"
433,"Jacob Jackson",58,158,1,"jacob.jackson@example.com"
434,"Isabella Thomas",51,54,1,"isabella.thomas@example.com"
435,"Benjamin Taylor",62,172,0,"benjamin.taylor@example.com"
436,"Jacob Carter",37,62,0,"jacob.carter@example.com"
437,"Margaret Nelson",41,70,1,"margaret.nelson@example.com"
438,"Margaret Anderson",37,20,0,"margaret.anderson@example.com"
439,"Mark Lewis",53,129,0,"mark.lewis@example.com"
440,"James Clark",62,151,1,"james.clark@example.com"
441,"Karen Jackson",57,177,0,"karen.jackson@example.com"
442,"Brandon White",34,68,1,"brandon.white@example.com"
443,"Mia Martinez",22,182,0,"mia.martinez@example.com"
444,"Nancy Davis",43,71,1,"nancy.davis@example.com"
445,"Lucas Williams",56,20,1,"lucas.williams@example.com"
446,"Mason Jackson",20,83,1,"mason.jackson@example.com"
447,"Noah Jones",60,130,0,"noah.jones@example.com"
448,"Benjamin King",41,193,1,"benjamin.king@example.com"
449,"David Davis",29,115,1,"david.davis@example.com"
450,"Ethan Scott",42,37,1,"ethan.scott@example.com"
451,"John Hall",30,160,0,"john.hall@example.com"
452,"Brian Moore",26,117,1,"brian.moore@example.com"
453,"Chris Wilson",51,31,1,"chris.wilson@example.com"
454,"Barbara Clark",18,29,1,"barbara.clark@example.com"
455,"Jane Martin",53,82,1,"jane.martin@example.com"
456,"Linda Carter",66,93,1,"linda.carter@example.com"
457,"Victoria Lee",31,38,0,"victoria.lee@example.com"
458,"Joseph Thomas",46,104,0,"joseph.thomas@example.com"
459,"Mark Walker",40,121,0,"mark.walker@example.com"
460,"Jane Hall",64,59,0,"jane.hall@example.com"
461,"Linda Rodriguez",59,100,1,"linda.rodriguez@example.com"
462,"Liam Brown",59,90,1,"liam.brown@example.com"
463,"Mason Thomas",48,165,0,"mason.thomas@example.com"
464,"Alexander Adams",25,126,0,"alexander.adams@example.com"
465,"Isabella Jackson",65,136,1,"isabella.jackson@example.com"
466,"Mark Williams",26,148,0,"mark.williams@example.com"
467,"Jane Green",48,54,0,"jane.green@example.com"
468,"Anna Martin",31,33,0,"anna.martin@example.com"
469,"Jessica Thompson",35,129,1,"jessica.thompson@example.com"
470,"Jacob Baker",67,156,0,"jacob.baker@example.com"
471,"Jessica Thompson",34,43,1,"jessica.thompson@example.com"
472,"Alexander Moore",40,46,0,"alexander.moore@example.com"
473,"Lucas Green",58,142,1,"lucas.green@example.com"
474,"Brian Hernandez",24,112,0,"brian.hernandez@example.com"
475,"Daniel Walker",47,56,0,"daniel.walker@example.com"
476,"Logan Harris",57,162,0,"logan.harris@example.com"
477,"Linda Adams",58,79,0,"linda.adams@example.com"
478,"Patricia King",60,52,1,"patricia.king@example.com"
479,"Alex Allen",21,14,1,"alex.allen@example.com"
480,"Sarah Scott",54,178,1,"sarah.scott@example.com"
481,"Michael Thompson",20,173,1,"michael.thompson@example.com"
482,"Liam Anderson",20,34,1,"liam.anderson@example.com"
483,"Benjamin Lewis",53,175,0,"benjamin.lewis@example.com"
484,"Laura Allen",64,88,0,"laura.allen@example.com"
485,"Lucas Wilson",61,41,0,"lucas.wilson@example.com"
486,"James Adams",46,141,1,"james.adams@example.com"
487,"Chris Martin",48,57,1,"chris.martin@example.com"
488,"Mason Carter",69,124,0,"mason.carter@example.com"
489,"Jane Lewis",53,179,1,"jane.lewis@example.com"
490,"Isabella Thompson",39,114,0,"isabella.thompson@example.com"
491,"Daniel Martinez",26,89,0,"daniel.martinez@example.com"
492,"Emily Hill",30,99,1,"emily.hill@example.com"
493,"Andrew Johnson",49,110,0,"andrew.johnson@example.com"
494,"Michael Garcia",20,34,0,"michael.garcia@example.com"
495,"David Wilson",22,122,1,"david.wilson@example.com"
496,"Barbara Scott",69,141,1,"barbara.scott@example.com"
497,"Brian White",57,55,0,"brian.white@example.com"
498,"Logan Davis",58,173,1,"logan.davis@example.com"
499,"Thomas Moore",19,180,1,"thomas.moore@example.com"
500,"Emma Davis",60,63,0,"emma.davis@example.com"
501,"David Jones",36,64,1,"david.jones@example.com"
502,"Joseph Martinez",18,45,0,"joseph.martinez@example.com"
503,"Noah Anderson",45,42,0,"noah.anderson@example.com"
504,"Jane Garcia",20,120,0,"jane.garcia@example.com"
505,"Emma Wilson",20,171,1,"emma.wilson@example.com"
506,"Anna Brown",26,192,0,"anna.brown@example.com"
507,"Olivia Davis",70,56,0,"olivia.davis@example.com"
508,"Karen Johnson",36,120,1,"karen.johnson@example.com"
509,"Jacob Hall",19,26,0,"jacob.hall@example.com"
510,"Andrew White",65,91,1,"andrew.white@example.com"
511,"Jacob Lewis",20,108,0,"jacob.lewis@example.com"
512,"Karen Jones",53,26,0,"karen.jones@example.com"
513,"Lucas Taylor",53,126,0,"lucas.taylor@example.com"
514,"John Hall",39,192,1,"john.hall@example.com"
515,"Logan Wilson",26,152,1,"logan.wilson@example.com"
516,"Chris Jones",57,100,1,"chris.jones@example.com"
517,"Emily Green",70,100,0,"emily.green@example.com"
518,"Brandon Thomas",33,162,0,"brandon.thomas@example.com"
519,"James Scott",40,119,1,"james.scott@example.com"
520,"Ethan Lewis",42,146,1,"ethan.lewis@example.com"
521,"Daniel Moore",52,91,0,"daniel.moore@example.com"
522,"John Garcia",34,39,0,"john.garcia@example.com"
523,"Laura Martinez",47,105,0,"laura.martinez@example.com"
524,"Lucas Thompson",66,161,1,"lucas.thompson@example.com"
525,"Victoria Clark",37,127,0,"victoria.clark@example.com"
526,"Ethan Wright",18,130,1,"ethan.wright@example.com"
527,"Jane Lee",45,20,1,"jane.lee@example.com"
528,"Katie Robinson",22,185,1,"katie.robinson@example.com"
529,"Alex Williams",57,75,0,"alex.williams@example.com"
530,"James Jackson",51,195,0,"james.jackson@example.com"
531,"Benjamin Wright",36,34,1,"benjamin.wright@example.com"
532,"Logan Scott",19,112,1,"logan.scott@example.com"
533,"Emily Green",48,19,1,"emily.green@example.com"
534,"Laura Allen",48,93,1,"laura.allen@example.com"
535,"Laura Adams",69,112,0,"laura.adams@example.com"
536,"Lucas Brown",69,104,1,"lucas.brown@example.com"
537,"Benjamin Smith",32,74,0,"benjamin.smith@example.com"
538,"Mia White",34,193,0,"mia.white@example.com"
539,"Barbara Young",47,34,0,"barbara.young@example.com"
540,"Brian Lewis",27,9,1,"brian.lewis@example.com"
541,"Lucas White",68,66,1,"lucas.white@example.com"
542,"Alexander Moore",54,65,0,"alexander.moore@example.com"
543,"Katie Anderson",37,7,0,"katie.anderson@example.com"
544,"Nancy Clark",42,16,0,"nancy.clark@example.com"
545,"Charles Jackson",50,21,1,"charles.jackson@example.com"
546,"Joseph Wilson",46,31,1,"joseph.wilson@example.com"
547,"Joseph Moore",59,102,0,"joseph.moore@example.com"
548,"Barbara Garcia",20,53,0,"barbara.garcia@example.com"
549,"John Anderson",28,188,0,"john.anderson@example.com"
550,"Emma Brown",30,56,1,"emma.brown@example.com"
551,"Noah Taylor",41,3,0,"noah.taylor@example.com"
552,"Anna Jackson",30,109,1,"anna.jackson@example.com"
553,"Nancy Wilson",60,164,1,"nancy.wilson@example.com"
554,"Olivia Lee",29,54,0,"olivia.lee@example.com"
555,"Karen Thompson",42,64,1,"karen.thompson@example.com"
556,"Alex Gonzalez",50,186,1,"alex.gonzalez@example.com"
557,"Logan King",51,1,0,"logan.king@example.com"
558,"Mia Hernandez",60,110,0,"mia.hernandez@example.com"
559,"Nancy Adams",51,85,1,"nancy.adams@example.com"
560,"Joseph Young",52,178,1,"joseph.young@example.com"
561,"Robert Robinson",34,145,1,"robert.robinson@example.com"
562,"Alexander Davis",44,160,0,"alexander.davis@example.com"
563,"Mia Lewis",55,144,0,"mia.lewis@example.com"
564,"Sophia Lewis",30,157,1,"sophia.lewis@example.com"
565,"Andrew Rodriguez",21,118,1,"andrew.rodriguez@example.com"
566,"Brandon Green",59,95,0,"brandon.green@example.com"
567,"Paul Davis",27,112,1,"paul.davis@example.com"
568,"Emily Johnson",59,72,0,"emily.johnson@example.com"
569,"Laura Taylor",40,112,1,"laura.taylor@example.com"
570,"Ashley Hall",58,170,0,"ashley.hall@example.com"
571,"Mark Hill",41,80,1,"mark.hill@example.com"
572,"Sophia Thomas",31,190,0,"sophia.thomas@example.com"
573,"Barbara Miller",58,94,0,"barbara.miller@example.com"
574,"Sophia Wilson",66,146,0,"sophia.wilson@example.com"
575,"Brian Robinson",52,112,0,"brian.robinson@example.com"
576,"Paul Anderson",59,61,1,"paul.anderson@example.com"
577,"Anna Davis",70,146,1,"anna.davis@example.com"
578,"Mark Martin",69,21,1,"mark.martin@example.com"
579,"James Carter",64,125,1,"james.carter@example.com"
580,"Charles Lee",39,136,0,"charles.lee@example.com"
581,"James Taylor",66,177,0,"james.taylor@example.com"
582,"Anna Thomas",40,43,0,"anna.thomas@example.com"
583,"Kevin Lewis",32,156,0,"kevin.lewis@example.com"
584,"Anna Taylor",47,1,1,"anna.taylor@example.com"
585,"Betty Lopez",24,18,0,"betty.lopez@example.com"
586,"Paul Adams",21,130,1,"paul.adams@example.com"
587,"Sophia Scott",43,38,1,"sophia.scott@example.com"
588,"Alexander Walker",22,133,1,"alexander.walker@example.com"
589,"Lisa Green",42,184,0,"lisa.green@example.com"
590,"Thomas Green",69,129,1,"thomas.green@example.com"
591,"Olivia Brown",37,195,1,"olivia.brown@example.com"
592,"Noah Walker",63,31,0,"noah.walker@example.com"
593,"Jessica Hernandez",44,91,0,"jessica.hernandez@example.com"
594,"Sarah Young",29,121,0,"sarah.young@example.com"
595,"Nancy White",42,186,1,"nancy.white@example.com"
596,"Brian Thomas",44,170,0,"brian.thomas@example.com"
597,"Victoria Robinson",40,96,1,"victoria.robinson@example.com"
598,"Lucas Wright",53,174,0,"lucas.wright@example.com"
599,"Anna Davis",67,12,1,"anna.davis@example.com"
600,"Jacob Davis",29,73,1,"jacob.davis@example.com"
601,"Charles Rodriguez",52,94,1,"charles.rodriguez@example.com"
602,"Mia Wilson",65,73,0,"mia.wilson@example.com"
603,"Andrew Carter",61,117,0,"andrew.carter@example.com"
604,"Betty Brown",58,102,0,"betty.brown@example.com"
605,"Emma Gonzalez",40,66,1,"emma.gonzalez@example.com"
606,"Alexander Jones",25,149,0,"alexander.jones@example.com"
607,"Patricia Smith",27,68,0,"patricia.smith@example.com"
608,"Anna Hernandez",61,152,1,"anna.hernandez@example.com"
609,"Charles Davis",36,105,0,"charles.davis@example.com"
610,"Michael Smith",54,179,1,"michael.smith@example.com"
611,"Logan Garcia",35,82,0,"logan.garcia@example.com"
612,"John Hill",32,23,1,"john.hill@example.com"
613,"Lucas Rodriguez",49,186,1,"lucas.rodriguez@example.com"
614,"Paul Hernandez",52,127,0,"paul.hernandez@example.com"
615,"Michael Moore",67,48,0,"michael.moore@example.com"
616,"Ethan Green",38,187,1,"ethan.green@example.com"
617,"Kevin Baker",67,118,0,"kevin.baker@example.com"
618,"Jessica Thompson",68,182,0,"jessica.thompson@example.com"
619,"Logan Green",49,106,1,"logan.green@example.com"
620,"David White",51,85,0,"david.white@example.com"
621,"Lucas Garcia",57,13,1,"lucas.garcia@example.com"
622,"Andrew Young",28,3,1,"andrew.young@example.com"
623,"Daniel Martin",34,91,0,"daniel.martin@example.com"
624,"Mark Allen",38,55,1,"mark.allen@example.com"
625,"Laura Wright",56,13,1,"laura.wright@example.com"
626,"Mia Davis",44,74,1,"mia.davis@example.com"
627,"Olivia Robinson",40,109,1,"olivia.robinson@example.com"
628,"Olivia Brown",29,133,1,"olivia.brown@example.com"
629,"Betty Jackson",47,110,0,"betty.jackson@example.com"
630,"Lisa Baker",60,172,1,"lisa.baker@example.com"
631,"Susan Rodriguez",48,100,1,"susan.rodriguez@example.com"
632,"Mark Davis",58,151,1,"mark.davis@example.com"
633,"Sophia Jackson",23,60,1,"sophia.jackson@example.com"
634,"Isabella Clark",40,85,1,"isabella.clark@example.com"
635,"Thomas Clark",33,84,0,"thomas.clark@example.com"
636,"Sophia Thompson",56,29,1,"sophia.thompson@example.com"
637,"Katie Robinson",49,171,0,"katie.robinson@example.com"
638,"Nancy Green",20,12,1,"nancy.green@example.com"
639,"Olivia Johnson",31,175,0,"olivia.johnson@example.com"
640,"Karen Jones",38,185,0,"karen.jones@example.com"
641,"Lucas Hill",61,7,0,"lucas.hill@example.com"
642,"Barbara Thomas",36,136,1,"barbara.thomas@example.com"
643,"Emma Harris",42,49,0,"emma.harris@example.com"
644,"Jacob Anderson",38,64,0,"jacob.anderson@example.com"
645,"Laura White",45,87,1,"laura.white@example.com"
646,"Betty Hernandez",46,172,1,"betty.hernandez@example.com"
647,"Jane Smith",51,36,0,"jane.smith@example.com"
648,"Margaret Jones",22,173,1,"margaret.jones@example.com"
649,"Mia Smith",62,47,1,"mia.smith@example.com"
650,"Isabella Thompson",25,29,1,"isabella.thompson@example.com"
651,"Paul Brown",70,33,0,"paul.brown@example.com"
652,"John Jackson",35,40,0,"john.jackson@example.com"
653,"Mia Anderson",21,111,0,"mia.anderson@example.com"
654,"James Carter",50,20,1,"james.carter@example.com"
655,"Mason Harris",25,65,0,"mason.harris@example.com"
656,"John Thompson",31,121,1,"john.thompson@example.com"
657,"Chris Gonzalez",66,27,0,"chris.gonzalez@example.com"
658,"Noah King",47,48,1,"noah.king@example.com"
659,"Alexander Lee",66,108,0,"alexander.lee@example.com"
660,"Laura Clark",32,105,1,"laura.clark@example.com"
661,"Charles Hernandez",66,180,0,"charles.hernandez@example.com"
662,"Jane Scott",49,68,1,"jane.scott@example.com"
663,"Anna Martinez",41,140,0,"anna.martinez@example.com"
664,"Ethan Green",29,148,0,"ethan.green@example.com"
665,"Chris Lee",31,63,0,"chris.lee@example.com"
666,"Mason Adams",31,132,0,"mason.adams@example.com"
667,"Barbara Anderson",21,136,1,"barbara.anderson@example.com"
668,"Lisa Green",55,136,1,"lisa.green@example.com"
669,"John Clark",56,195,0,"john.clark@example.com"
670,"Patricia Williams",47,167,1,"patricia.williams@example.com"
671,"Karen Hill",66,182,1,"karen.hill@example.com"
672,"Olivia Jackson",24,105,1,"olivia.jackson@example.com"
673,"Linda Harris",60,37,1,"linda.harris@example.com"
674,"Jane Lopez",64,56,0,"jane.lopez@example.com"
675,"Mark Martinez",34,16,0,"mark.martinez@example.com"
676,"Susan Scott",23,49,1,"susan.scott@example.com"
677,"Laura Scott",58,48,0,"laura.scott@example.com"
678,"Mark Allen",55,165,1,"mark.allen@example.com"
679,"Lucas White",43,134,1,"lucas.white@example.com"
680,"Ethan Green",62,150,0,"ethan.green@example.com"
681,"Nancy White",63,85,0,"nancy.white@example.com"
682,"Margaret Thompson",32,52,0,"margaret.thompson@example.com"
683,"Noah Taylor",29,81,0,"noah.taylor@example.com"
684,"Emma Clark",40,102,0,"emma.clark@example.com"
685,"Jessica Green",39,70,0,"jessica.green@example.com"
686,"Sarah Gonzalez",38,82,0,"sarah.gonzalez@example.com"
687,"Logan Wilson",50,46,0,"logan.wilson@example.com"
688,"Linda Nelson",58,67,1,"linda.nelson@example.com"
689,"Joseph Anderson",68,39,1,"joseph.anderson@example.com"
690,"Katie Young",32,131,1,"katie.young@example.com"
691,"Mark Hall",58,192,1,"mark.hall@example.com"
692,"Mason Lopez",56,50,1,"mason.lopez@example.com"
693,"Mia Jones",66,89,1,"mia.jones@example.com"
694,"Chris Wright",47,131,0,"chris.wright@example.com"
695,"James Baker",20,183,0,"james.baker@example.com"
696,"Isabella Walker",52,70,1,"isabella.walker@example.com"
697,"Betty Thompson",66,3,1,"betty.thompson@example.com"
698,"Joseph Jackson",26,135,1,"joseph.jackson@example.com"
699,"Emma Clark",44,21,1,"emma.clark@example.com"
700,"Ethan Anderson",27,43,1,"ethan.anderson@example.com"
701,"Liam Thomas",62,112,0,"liam.thomas@example.com"
702,"Daniel Martinez",52,115,0,"daniel.martinez@example.com"
703,"Mia Wilson",42,102,1,"mia.wilson@example.com"
704,"Katie Hall",24,132,0,"katie.hall@example.com"
705,"Liam Miller",26,189,1,"liam.miller@example.com"
706,"Sophia Gonzalez",26,44,0,"sophia.gonzalez@example.com"
707,"Olivia Brown",21,21,0,"olivia.brown@example.com"
708,"Sophia King",36,19,0,"sophia.king@example.com"
709,"Karen Johnson",38,66,0,"karen.johnson@example.com"
710,"Jacob Gonzalez",39,11,1,"jacob.gonzalez@example.com"
711,"Joseph Wright",22,38,0,"joseph.wright@example.com"
712,"Barbara Davis",69,55,1,"barbara.davis@example.com"
713,"Lucas Smith",63,69,1,"lucas.smith@example.com"
714,"Emma Hernandez",43,187,0,"emma.hernandez@example.com"
715,"Sophia Gonzalez",61,56,0,"sophia.gonzalez@example.com"
716,"Emily Garcia",31,2,1,"emily.garcia@example.com"
717,"Lucas Harris",49,29,0,"lucas.harris@example.com"
718,"Charles Hall",18,109,0,"charles.hall@example.com"
719,"Katie Allen",51,64,0,"katie.allen@example.com"
720,"Jessica Moore",51,98,1,"jessica.moore@example.com"
721,"Logan Johnson",57,16,1,"logan.johnson@example.com"
722,"Jessica Garcia",64,77,0,"jessica.garcia@example.com"
723,"Sophia Davis",54,11,0,"sophia.davis@example.com"
724,"Chris Nelson",68,170,1,"chris.nelson@example.com"
725,"Thomas Brown",26,89,1,"thomas.brown@example.com"
726,"John Robinson",39,134,1,"john.robinson@example.com"
727,"Thomas Hall",51,79,0,"thomas.hall@example.com"
728,"Alex Carter",23,116,0,"alex.carter@example.com"
729,"Joseph Clark",33,89,1,"joseph.clark@example.com"
730,"Jane Taylor",61,129,0,"jane.taylor@example.com"
731,"Susan Young",56,92,1,"susan.young@example.com"
732,"Nancy Robinson",68,152,0,"nancy.robinson@example.com"
733,"Mason Adams",51,19,1,"mason.adams@example.com"
734,"Anna Hall",33,38,1,"anna.hall@example.com"
735,"Linda Lewis",69,109,0,"linda.lewis@example.com"
736,"Joseph Lee",69,38,0,"joseph.lee@example.com"
737,"Mark Young",64,27,0,"mark.young@example.com"
738,"Andrew Smith",46,32,0,"andrew.smith@example.com"
739,"Charles Brown",22,137,0,"charles.brown@example.com"
740,"Paul Thomas",36,134,0,"paul.thomas@example.com"
741,"Michael Taylor",56,9,1,"michael.taylor@example.com"
742,"Noah Johnson",70,24,1,"noah.johnson@example.com"
743,"Kevin Brown",45,20,1,"kevin.brown@example.com"
744,"Patricia Davis",27,140,1,"patricia.davis@example.com"
745,"Lisa Nelson",63,1,0,"lisa.nelson@example.com"
746,"Margaret Taylor",65,162,0,"margaret.taylor@example.com"
747,"Noah Miller",67,155,0,"noah.miller@example.com"
748,"Susan Baker",20,175,1,"susan.baker@example.com"
749,"Michael Young",51,19,0,"michael.young@example.com"
750,"Benjamin Walker",59,141,0,"benjamin.walker@example.com"
751,"Ashley Carter",34,165,1,"ashley.carter@example.com"
752,"Liam Gonzalez",65,167,1,"liam.gonzalez@example.com"
753,"Mark Brown",23,134,1,"mark.brown@example.com"
754,"Linda Hall",61,86,0,"linda.hall@example.com"
755,"Charles Jackson",36,181,0,"charles.jackson@example.com"
756,"Robert Young",62,143,1,"robert.young@example.com"
757,"Katie White",20,92,0,"katie.white@example.com"
758,"Mia Davis",54,181,0,"mia.davis@example.com"
759,"Nancy Garcia",43,15,0,"nancy.garcia@example.com"
760,"Anna Davis",48,31,0,"anna.davis@example.com"
761,"Barbara Baker",23,71,1,"barbara.baker@example.com"
762,"Karen Hall",25,2,0,"karen.hall@example.com"
763,"Laura Anderson",35,33,1,"laura.anderson@example.com"
764,"Brian Wright",64,172,1,"brian.wright@example.com"
765,"Alexander Walker",51,95,0,"alexander.walker@example.com"
766,"Chris Jackson",57,51,1,"chris.jackson@example.com"
767,"Betty Jones",30,175,0,"betty.jones@example.com"
768,"Nancy Hill",60,29,1,"nancy.hill@example.com"
769,"Sophia Smith",56,187,1,"sophia.smith@example.com"
770,"Daniel Gonzalez",27,83,0,"daniel.gonzalez@example.com"
771,"Anna King",64,127,1,"anna.king@example.com"
772,"Mia Clark",48,140,1,"mia.clark@example.com"
773,"Linda Anderson",52,100,1,"linda.anderson@example.com"
774,"Alex Nelson",63,97,1,"alex.nelson@example.com"
775,"Lisa White",31,156,1,"lisa.white@example.com"
776,"Mason Hernandez",66,190,0,"mason.hernandez@example.com"
777,"Alex Hall",38,26,0,"alex.hall@example.com"
778,"Lucas Young",43,160,1,"lucas.young@example.com"
779,"Linda Miller",46,140,1,"linda.miller@example.com"
780,"Isabella Green",50,45,0,"isabella.green@example.com"
781,"Olivia White",31,143,1,"olivia.white@example.com"
782,"Susan King",20,122,1,"susan.king@example.com"
783,"Margaret Green",25,95,1,"margaret.green@example.com"
784,"Kevin Jackson",38,125,0,"kevin.jackson@example.com"
785,"Liam Adams",64,161,0,"liam.adams@example.com"
786,"Brian Smith",50,4,1,"brian.smith@example.com"
787,"Sarah Martinez",35,171,0,"sarah.martinez@example.com"
788,"Margaret Adams",31,106,1,"margaret.adams@example.com"
789,"Liam Hernandez",63,48,1,"liam.hernandez@example.com"
790,"Anna Baker",33,168,1,"anna.baker@example.com"
791,"David Scott",36,80,1,"david.scott@example.com"
792,"Karen Davis",30,151,0,"karen.davis@example.com"
793,"Betty Anderson",25,106,1,"betty.anderson@example.com"
794,"Laura Moore",39,174,0,"laura.moore@example.com"
795,"Joseph Lewis",52,119,0,"joseph.lewis@example.com"
796,"Alexander Lopez",31,146,1,"alexander.lopez@example.com"
797,"Chris Garcia",26,82,0,"chris.garcia@example.com"
798,"Lisa Martinez",32,190,1,"lisa.martinez@example.com"
799,"James Davis",38,57,1,"james.davis@example.com"
800,"Mark Martin",66,11,0,"mark.martin@example.com"
801,"Noah Thomas",38,105,1,"noah.thomas@example.com"
802,"Betty Jones",20,173,1,"betty.jones@example.com"
803,"Charles Allen",68,192,1,"charles.allen@example.com"
804,"Jessica Lewis",50,16,0,"jessica.lewis@example.com"
805,"Brandon Clark",65,167,1,"brandon.clark@example.com"
806,"Mason Garcia",42,125,0,"mason.garcia@example.com"
807,"Thomas Thompson",55,103,0,"thomas.thompson@example.com"
808,"Margaret Hernandez",18,55,0,"margaret.hernandez@example.com"
809,"Brian Rodriguez",47,91,0,"brian.rodriguez@example.com"
810,"Emma Jackson",44,48,0,"emma.jackson@example.com"
811,"Karen Wilson",58,156,1,"karen.wilson@example.com"
812,"John Hall",51,100,0,"john.hall@example.com"
813,"Chris Nelson",37,30,1,"chris.nelson@example.com"
814,"Robert Lewis",36,117,0,"robert.lewis@example.com"
815,"Brian King",33,153,0,"brian.king@example.com"
816,"Paul Young",63,195,1,"paul.young@example.com"
817,"Emma Anderson",39,39,0,"emma.anderson@example.com"
818,"Susan Davis",31,155,1,"susan.davis@example.com"
819,"Ashley Baker",48,155,1,"ashley.baker@example.com"
820,"Barbara Garcia",20,5,0,"barbara.garcia@example.com"
821,"Noah Brown",53,51,1,"noah.brown@example.com"
822,"Nancy Jones",23,139,0,"nancy.jones@example.com"
823,"Logan Hill",26,145,0,"logan.hill@example.com"
824,"David Martin",22,175,0,"david.martin@example.com"
825,"Betty Lewis",45,116,0,"betty.lewis@example.com"
826,"Lisa Hernandez",58,131,1,"lisa.hernandez@example.com"
827,"Sarah Clark",40,177,0,"sarah.clark@example.com"
828,"Chris Miller",28,27,0,"chris.miller@example.com"
829,"Andrew Clark",67,152,0,"andrew.clark@example.com"
830,"Isabella Harris",32,15,1,"isabella.harris@example.com"
831,"Emily Green",26,21,1,"emily.green@example.com"
832,"Mark Green",40,13,1,"mark.green@example.com"
833,"Brian White",29,135,0,"brian.white@example.com"
834,"Sarah White",29,171,1,"sarah.white@example.com"
835,"Kevin Lee",21,2,0,"kevin.lee@example.com"
836,"Laura Scott",59,112,0,"laura.scott@example.com"
837,"Emily Brown",33,40,0,"emily.brown@example.com"
838,"Emily White",70,37,1,"emily.white@example.com"
839,"David Harris",32,148,1,"david.harris@example.com"
840,"Chris Adams",59,126,0,"chris.adams@example.com"
841,"David Johnson",67,2,0,"david.johnson@example.com"
842,"Joseph Williams",49,95,0,"joseph.williams@example.com"
843,"Lisa Adams",38,162,0,"lisa.adams@example.com"
844,"John Walker",56,89,1,"john.walker@example.com"
845,"Chris White",68,23,0,"chris.white@example.com"
846,"Noah Martin",69,38,1,"noah.martin@example.com"
847,"Chris King",58,190,1,"chris.king@example.com"
848,"David Johnson",21,80,0,"david.johnson@example.com"
849,"Charles Moore",40,173,0,"charles.moore@example.com"
850,"Andrew Hill",42,11,0,"andrew.hill@example.com"
851,"Anna Lopez",33,132,0,"anna.lopez@example.com"
852,"Alexander Brown",52,138,1,"alexander.brown@example.com"
853,"Karen Baker",24,15,0,"karen.baker@example.com"
854,"Thomas Davis",57,104,1,"thomas.davis@example.com"
855,"Lisa Martin",32,159,0,"lisa.martin@example.com"
856,"Jessica Anderson",64,36,0,"jessica.anderson@example.com"
857,"Katie Harris",65,152,0,"katie.harris@example.com"
858,"John Jones",42,96,1,"john.jones@example.com"
859,"Anna Garcia",49,50,1,"anna.garcia@example.com"
860,"Thomas Adams",36,75,0,"thomas.adams@example.com"
861,"Margaret Clark",18,67,0,"margaret.clark@example.com"
862,"Katie Wilson",34,167,1,"katie.wilson@example.com"
863,"Margaret Thomas",37,175,0,"margaret.thomas@example.com"
864,"John Lee",69,23,1,"john.lee@example.com"
865,"Nancy Jones",33,83,0,"nancy.jones@example.com"
866,"Karen Allen",39,19,1,"karen.allen@example.com"
867,"Jessica Williams",56,99,0,"jessica.williams@example.com"
868,"Nancy Jackson",51,163,1,"nancy.jackson@example.com"
869,"John Young",52,125,0,"john.young@example.com"
870,"Benjamin Lewis",51,157,0,"benjamin.lewis@example.com"
871,"Logan Moore",58,22,0,"logan.moore@example.com"
872,"Kevin Wright",42,78,1,"kevin.wright@example.com"
873,"Katie Anderson",41,33,0,"katie.anderson@example.com"
874,"Brian Garcia",50,108,0,"brian.garcia@example.com"
875,"Thomas Baker",42,90,1,"thomas.baker@example.com"
876,"Thomas Jones",28,134,1,"thomas.jones@example.com"
877,"Sophia Nelson",59,173,0,"sophia.nelson@example.com"
878,"Laura Robinson",54,54,0,"laura.robinson@example.com"
879,"Chris Garcia",57,131,0,"chris.garcia@example.com"
880,"Patricia Anderson",34,39,0,"patricia.anderson@example.com"
881,"Sarah Lewis",42,89,1,"sarah.lewis@example.com"
882,"Lucas Moore",64,6,0,"lucas.moore@example.com"
883,"Jessica Hall",33,119,1,"jessica.hall@example.com"
884,"Jessica Adams",26,166,1,"jessica.adams@example.com"
885,"Margaret Nelson",61,151,0,"margaret.nelson@example.com"
886,"Anna Thompson",33,195,0,"anna.thompson@example.com"
887,"Brian Wright",24,52,1,"brian.wright@example.com"
888,"Mason Thomas",49,171,0,"mason.thomas@example.com"
889,"James Thompson",62,101,0,"james.thompson@example.com"
890,"Isabella Miller",47,43,1,"isabella.miller@example.com"
891,"Karen Taylor",49,63,1,"karen.taylor@example.com"
892,"Jessica Wilson",66,44,1,"jessica.wilson@example.com"
893,"Nancy King",64,64,1,"nancy.king@example.com"
894,"Susan Thompson",54,93,0,"susan.thompson@example.com"
895,"Noah Allen",67,22,0,"noah.allen@example.com"
896,"Brian Garcia",61,148,0,"brian.garcia@example.com"
897,"Mark Jones",30,49,0,"mark.jones@example.com"
898,"Sophia Taylor",28,167,0,"sophia.taylor@example.com"
899,"David Thompson",33,173,1,"david.thompson@example.com"
900,"Alexander Thomas",55,142,0,"alexander.thomas@example.com"
901,"Joseph Clark",56,175,0,"joseph.clark@example.com"
902,"Lisa Jones",47,63,0,"lisa.jones@example.com"
903,"Mark Harris",27,107,1,"mark.harris@example.com"
904,"Lucas Lopez",35,8,0,"lucas.lopez@example.com"
905,"James Jackson",68,172,1,"james.jackson@example.com"
906,"Sarah Green",20,189,0,"sarah.green@example.com"
907,"Liam Scott",44,92,1,"liam.scott@example.com"
908,"Laura Johnson",47,139,1,"laura.johnson@example.com"
909,"David Miller",19,101,0,"david.miller@example.com"
910,"Anna Taylor",46,138,1,"anna.taylor@example.com"
911,"John Scott",36,72,1,"john.scott@example.com"
912,"John Lee",63,92,1,"john.lee@example.com"
913,"Patricia Thompson",65,142,0,"patricia.thompson@example.com"
914,"Linda Taylor",26,140,0,"linda.taylor@example.com"
915,"Michael Garcia",49,162,1,"michael.garcia@example.com"
916,"Kevin Thomas",59,7,0,"kevin.thomas@example.com"
917,"Mark Lee",30,190,1,"mark.lee@example.com"
918,"Thomas Anderson",67,135,1,"thomas.anderson@example.com"
919,"Brandon Jones",51,128,1,"brandon.jones@example.com"
920,"Robert Thompson",51,74,0,"robert.thompson@example.com"
921,"Joseph Anderson",53,74,0,"joseph.anderson@example.com"
922,"Sophia Brown",35,144,1,"sophia.brown@example.com"
923,"James Adams",26,165,0,"james.adams@example.com"
924,"Sophia Lewis",59,94,1,"sophia.lewis@example.com"
925,"Mark Anderson",57,121,1,"mark.anderson@example.com"
926,"Brandon Taylor",43,173,0,"brandon.taylor@example.com"
927,"Olivia Hall",44,141,0,"olivia.hall@example.com"
928,"Sophia Rodriguez",40,107,1,"sophia.rodriguez@example.com"
929,"Mia Green",69,101,0,"mia.green@example.com"
930,"Liam Young",43,135,1,"liam.young@example.com"
931,"Lucas Hernandez",53,90,1,"lucas.hernandez@example.com"
932,"Ashley Rodriguez",68,127,0,"ashley.rodriguez@example.com"
933,"Jane Lopez",59,133,1,"jane.lopez@example.com"
934,"Ashley Lewis",53,15,1,"ashley.lewis@example.com"
935,"Charles Wright",37,176,1,"charles.wright@example.com"
936,"Charles Moore",31,25,1,"charles.moore@example.com"
937,"Katie Jackson",20,107,0,"katie.jackson@example.com"
938,"Margaret Miller",63,119,0,"margaret.miller@example.com"
939,"Jane Anderson",47,122,1,"jane.anderson@example.com"
940,"Noah White",45,95,1,"noah.white@example.com"
941,"Emily Hill",42,120,1,"emily.hill@example.com"
942,"Thomas Moore",44,54,1,"thomas.moore@example.com"
943,"Linda Carter",21,37,1,"linda.carter@example.com"
944,"Lisa Miller",23,13,0,"lisa.miller@example.com"
945,"Alexander Green",36,98,0,"alexander.green@example.com"
946,"Nancy King",60,94,1,"nancy.king@example.com"
947,"Barbara Lee",19,95,1,"barbara.lee@example.com"
948,"Jane Harris",39,165,0,"jane.harris@example.com"
949,"Ashley Gonzalez",48,74,0,"ashley.gonzalez@example.com"
950,"Mason Thomas",35,137,0,"mason.thomas@example.com"
951,"Victoria Jones",35,136,1,"victoria.jones@example.com"
952,"Daniel Hill",27,37,0,"daniel.hill@example.com"
953,"Anna King",69,44,0,"anna.king@example.com"
954,"Liam Taylor",55,124,0,"liam.taylor@example.com"
955,"Jacob Thomas",45,56,1,"jacob.thomas@example.com"
956,"Brandon Robinson",50,111,1,"brandon.robinson@example.com"
957,"Andrew Baker",57,107,1,"andrew.baker@example.com"
958,"Katie Rodriguez",66,152,0,"katie.rodriguez@example.com"
959,"Brandon Hernandez",70,108,1,"brandon.hernandez@example.com"
960,"Betty Hernandez",47,54,1,"betty.hernandez@example.com"
961,"Kevin Johnson",42,113,1,"kevin.johnson@example.com"
962,"Robert Scott",28,106,0,"robert.scott@example.com"
963,"Jane Miller",37,38,0,"jane.miller@example.com"
964,"Margaret Martinez",40,187,1,"margaret.martinez@example.com"
965,"Andrew Lopez",43,30,0,"andrew.lopez@example.com"
966,"Olivia Martinez",59,102,0,"olivia.martinez@example.com"
967,"Linda Lopez",53,113,1,"linda.lopez@example.com"
968,"Noah Robinson",69,36,1,"noah.robinson@example.com"
969,"Mark Scott",46,38,0,"mark.scott@example.com"
970,"Thomas Hill",66,109,1,"thomas.hill@example.com"
971,"James Thompson",29,4,0,"james.thompson@example.com"
972,"Kevin Clark",56,79,1,"kevin.clark@example.com"
973,"Lisa Moore",19,71,1,"lisa.moore@example.com"
974,"Karen Johnson",53,148,0,"karen.johnson@example.com"
975,"Mia Walker",48,167,1,"mia.walker@example.com"
976,"Ashley Jackson",63,195,1,"ashley.jackson@example.com"
977,"Andrew Harris",22,98,0,"andrew.harris@example.com"
978,"Barbara Rodriguez",28,90,0,"barbara.rodriguez@example.com"
979,"Thomas Davis",22,99,0,"thomas.davis@example.com"
980,"Alexander Jones",57,35,1,"alexander.jones@example.com"
981,"Victoria Baker",62,91,1,"victoria.baker@example.com"
982,"Karen Wilson",32,90,1,"karen.wilson@example.com"
983,"Noah Young",19,164,0,"noah.young@example.com"
984,"Thomas Jones",25,114,1,"thomas.jones@example.com"
985,"Alex White",57,66,1,"alex.white@example.com"
986,"Kevin Baker",23,7,0,"kevin.baker@example.com"
987,"Olivia Adams",30,52,0,"olivia.adams@example.com"
988,"Olivia White",62,164,1,"olivia.white@example.com"
989,"Olivia Gonzalez",69,107,1,"olivia.gonzalez@example.com"
990,"Lucas Robinson",64,80,1,"lucas.robinson@example.com"
991,"David Wright",29,77,0,"david.wright@example.com"
992,"Olivia Scott",23,187,1,"olivia.scott@example.com"
993,"Laura White",34,52,1,"laura.white@example.com"
994,"Benjamin Jackson",53,32,1,"benjamin.jackson@example.com"
995,"Linda Lee",19,17,1,"linda.lee@example.com"
996,"David Adams",18,130,1,"david.adams@example.com"
997,"Nancy Taylor",50,118,0,"nancy.taylor@example.com"
998,"Betty Davis",20,13,1,"betty.davis@example.com"
999,"Charles Wilson",28,156,1,"charles.wilson@example.com"
1000,"Sarah Lewis",60,83,0,"sarah.lewis@example.com"
