"index","user_id","game","behavior","hours","null"
"61274","100012061","""Star Trek D-A-C""","purchase","1.0","0;"
"61275","100012061","""Star Trek D-A-C""","play","0.7","0;"
"47513","100053304","""Petz Horsez 2""","purchase","1.0","0;"
"47514","100053304","""Petz Horsez 2""","play","17.0","0;"
"47515","100053304","""Dungeons & Dragons Online""","purchase","1.0","0;"
"47516","100053304","""Dungeons & Dragons Online""","play","12.6","0;"
"47517","100053304","""Portal 2""","purchase","1.0","0;"
"47518","100053304","""Portal 2""","play","4.4","0;"
"47519","100053304","""PAYDAY The Heist""","purchase","1.0","0;"
"47520","100053304","""PAYDAY The Heist""","play","1.1","0;"
"47521","100053304","""Dota 2""","purchase","1.0","0;"
"47522","100053304","""Dota 2""","play","1.0","0;"
"47523","100053304","""Dream Of Mirror Online""","purchase","1.0","0;"
"47524","100053304","""Dream Of Mirror Online""","play","0.5","0;"
"47525","100053304","""The Lord of the Rings Online""","purchase","1.0","0;"
"56632","100057229","""The Elder Scrolls V Skyrim""","purchase","1.0","0;"
"56633","100057229","""The Elder Scrolls V Skyrim""","play","19.3","0;"
"56634","100057229","""Spore Galactic Adventures""","purchase","1.0","0;"
"56635","100057229","""Spore Galactic Adventures""","play","8.7","0;"
"56636","100057229","""Chivalry Medieval Warfare""","purchase","1.0","0;"
"56637","100057229","""Chivalry Medieval Warfare""","play","8.6","0;"
"56638","100057229","""Spore""","purchase","1.0","0;"
"56639","100057229","""Spore""","play","6.7","0;"
"56640","100057229","""Patch testing for Chivalry""","purchase","1.0","0;"
"95977","100070732","""Wargame Red Dragon""","purchase","1.0","0;"
"95978","100070732","""Wargame Red Dragon""","play","129.0","0;"
"95979","100070732","""Wargame European Escalation""","purchase","1.0","0;"
"95980","100070732","""Wargame European Escalation""","play","78.0","0;"
"95981","100070732","""Cities Skylines""","purchase","1.0","0;"
"95982","100070732","""Cities Skylines""","play","48.0","0;"
"95983","100070732","""Wargame AirLand Battle""","purchase","1.0","0;"
"95984","100070732","""Wargame AirLand Battle""","play","28.0","0;"
"95985","100070732","""Arma 2 Operation Arrowhead""","purchase","1.0","0;"
"95986","100070732","""Arma 2""","purchase","1.0","0;"
"95987","100070732","""Arma 2 Operation Arrowhead Beta (Obsolete)""","purchase","1.0","0;"
"174284","100096071","""The Elder Scrolls V Skyrim""","purchase","1.0","0;"
"174285","100096071","""The Elder Scrolls V Skyrim""","play","159.0","0;"
"174286","100096071","""Euro Truck Simulator 2""","purchase","1.0","0;"
"174287","100096071","""Euro Truck Simulator 2""","play","156.0","0;"
"174288","100096071","""LEGO MARVEL Super Heroes""","purchase","1.0","0;"
"174289","100096071","""LEGO MARVEL Super Heroes""","play","152.0","0;"
"174290","100096071","""Just Cause 2""","purchase","1.0","0;"
"174291","100096071","""Just Cause 2""","play","65.0","0;"
"174292","100096071","""Fallout New Vegas""","purchase","1.0","0;"
"174293","100096071","""Fallout New Vegas""","play","64.0","0;"
"174294","100096071","""Far Cry 3""","purchase","1.0","0;"
"174295","100096071","""Far Cry 3""","play","33.0","0;"
"174296","100096071","""Tom Clancy's Ghost Recon Phantoms - EU""","purchase","1.0","0;"
"174297","100096071","""Tom Clancy's Ghost Recon Phantoms - EU""","play","26.0","0;"
"174298","100096071","""The LEGO Movie - Videogame""","purchase","1.0","0;"
"174299","100096071","""The LEGO Movie - Videogame""","play","14.7","0;"
"174300","100096071","""Half-Life 2""","purchase","1.0","0;"
"174301","100096071","""Half-Life 2""","play","11.0","0;"
"174302","100096071","""RaceRoom Racing Experience ""","purchase","1.0","0;"
"174303","100096071","""RaceRoom Racing Experience ""","play","5.5","0;"
"174304","100096071","""Robocraft""","purchase","1.0","0;"
"174305","100096071","""Robocraft""","play","3.6","0;"
"174306","100096071","""DOOM 3""","purchase","1.0","0;"
"174307","100096071","""DOOM 3""","play","2.8","0;"
"174308","100096071","""Marvel Heroes 2015""","purchase","1.0","0;"
"174309","100096071","""Marvel Heroes 2015""","play","2.8","0;"
"174310","100096071","""Dota 2""","purchase","1.0","0;"
"174311","100096071","""Dota 2""","play","2.6","0;"
"174312","100096071","""DC Universe Online""","purchase","1.0","0;"
"174313","100096071","""DC Universe Online""","play","2.2","0;"
"174314","100096071","""Half-Life 2 Episode One""","purchase","1.0","0;"
"174315","100096071","""Half-Life 2 Episode One""","play","1.9","0;"
"174316","100096071","""King Arthur - The Role-playing Wargame""","purchase","1.0","0;"
"174317","100096071","""King Arthur - The Role-playing Wargame""","play","1.3","0;"
"174318","100096071","""Far Cry 2""","purchase","1.0","0;"
"174319","100096071","""Far Cry 2""","play","0.9","0;"
"174320","100096071","""Unturned""","purchase","1.0","0;"
"174321","100096071","""Unturned""","play","0.9","0;"
"174322","100096071","""Half-Life Opposing Force""","purchase","1.0","0;"
"174323","100096071","""Half-Life Opposing Force""","play","0.7","0;"
"174324","100096071","""Nosgoth""","purchase","1.0","0;"
"174325","100096071","""Nosgoth""","play","0.3","0;"
"174326","100096071","""APB Reloaded""","purchase","1.0","0;"
"174327","100096071","""Euro Truck Simulator 2 - Going East!""","purchase","1.0","0;"
"174328","100096071","""Fallout New Vegas Courier's Stash""","purchase","1.0","0;"
"174329","100096071","""Fallout New Vegas Dead Money""","purchase","1.0","0;"
"174330","100096071","""Fallout New Vegas Honest Hearts""","purchase","1.0","0;"
"174331","100096071","""Far Cry""","purchase","1.0","0;"
"174332","100096071","""Far Cry 2 Fortunes Pack""","purchase","1.0","0;"
"174333","100096071","""Far Cry 3 Blood Dragon""","purchase","1.0","0;"
"174334","100096071","""Gotham City Impostors Free To Play""","purchase","1.0","0;"
"174335","100096071","""Half-Life""","purchase","1.0","0;"
"174336","100096071","""Half-Life 2 Deathmatch""","purchase","1.0","0;"
"174337","100096071","""Half-Life 2 Episode Two""","purchase","1.0","0;"
"174338","100096071","""Half-Life 2 Lost Coast""","purchase","1.0","0;"
"174339","100096071","""Half-Life Blue Shift""","purchase","1.0","0;"
"174340","100096071","""Half-Life Source""","purchase","1.0","0;"
"174341","100096071","""Half-Life Deathmatch Source""","purchase","1.0","0;"
"174342","100096071","""Team Fortress Classic""","purchase","1.0","0;"
"72650","100168166","""Team Fortress 2""","purchase","1.0","0;"
"72651","100168166","""Team Fortress 2""","play","10.7","0;"
"174845","100208126","""Insurgency Modern Infantry Combat""","purchase","1.0","0;"
"174846","100208126","""Insurgency Modern Infantry Combat""","play","21.0","0;"
"54589","100267049","""Sid Meier's Civilization V""","purchase","1.0","0;"
"54590","100267049","""Sid Meier's Civilization V""","play","15.2","0;"
"44715","100311267","""Garry's Mod""","purchase","1.0","0;"
"44716","100311267","""Garry's Mod""","play","94.0","0;"
"44717","100311267","""Team Fortress 2""","purchase","1.0","0;"
"44718","100311267","""Team Fortress 2""","play","29.0","0;"
"44719","100311267","""Counter-Strike Global Offensive""","purchase","1.0","0;"
"44720","100311267","""Counter-Strike Global Offensive""","play","25.0","0;"
"44721","100311267","""Warframe""","purchase","1.0","0;"
"44722","100311267","""Warframe""","play","13.9","0;"
"44723","100311267","""Fallout 4""","purchase","1.0","0;"
"44724","100311267","""Fallout 4""","play","12.0","0;"
"44725","100311267","""No More Room in Hell""","purchase","1.0","0;"
"44726","100311267","""No More Room in Hell""","play","8.1","0;"
"44727","100311267","""Call of Duty World at War""","purchase","1.0","0;"
"44728","100311267","""Call of Duty World at War""","play","7.8","0;"
"44729","100311267","""Neverwinter""","purchase","1.0","0;"
"44730","100311267","""Neverwinter""","play","7.5","0;"
"44731","100311267","""H1Z1""","purchase","1.0","0;"
"44732","100311267","""H1Z1""","play","6.2","0;"
"44733","100311267","""Trove""","purchase","1.0","0;"
"44734","100311267","""Trove""","play","5.1","0;"
"44735","100311267","""Rust""","purchase","1.0","0;"
"44736","100311267","""Rust""","play","4.9","0;"
"44737","100311267","""Path of Exile""","purchase","1.0","0;"
"44738","100311267","""Path of Exile""","play","4.5","0;"
"44739","100311267","""PAYDAY 2""","purchase","1.0","0;"
"44740","100311267","""PAYDAY 2""","play","4.2","0;"
"44741","100311267","""DC Universe Online""","purchase","1.0","0;"
"44742","100311267","""DC Universe Online""","play","4.0","0;"
"44743","100311267","""America's Army Proving Grounds""","purchase","1.0","0;"
"44744","100311267","""America's Army Proving Grounds""","play","4.0","0;"
"44745","100311267","""Metro Conflict""","purchase","1.0","0;"
"44746","100311267","""Metro Conflict""","play","3.2","0;"
"44747","100311267","""Shadow Warrior""","purchase","1.0","0;"
"44748","100311267","""Shadow Warrior""","play","2.1","0;"
"44749","100311267","""AdVenture Capitalist""","purchase","1.0","0;"
"44750","100311267","""AdVenture Capitalist""","play","1.7","0;"
"44751","100311267","""Cry of Fear""","purchase","1.0","0;"
"44752","100311267","""Cry of Fear""","play","1.6","0;"
"44753","100311267","""F.E.A.R. Online""","purchase","1.0","0;"
"44754","100311267","""F.E.A.R. Online""","play","1.4","0;"
"44755","100311267","""APB Reloaded""","purchase","1.0","0;"
"44756","100311267","""APB Reloaded""","play","1.4","0;"
"44757","100311267","""Aftermath""","purchase","1.0","0;"
"44758","100311267","""Aftermath""","play","1.3","0;"
"44759","100311267","""Tom Clancy's Ghost Recon Phantoms - EU""","purchase","1.0","0;"
"44760","100311267","""Tom Clancy's Ghost Recon Phantoms - EU""","play","1.2","0;"
"44761","100311267","""Smashmuck Champions""","purchase","1.0","0;"
"44762","100311267","""Smashmuck Champions""","play","1.2","0;"
"44763","100311267","""Unturned""","purchase","1.0","0;"
"44764","100311267","""Unturned""","play","1.1","0;"
"44765","100311267","""Red Faction Guerrilla Steam Edition""","purchase","1.0","0;"
"44766","100311267","""Red Faction Guerrilla Steam Edition""","play","1.0","0;"
"44767","100311267","""ArcheAge""","purchase","1.0","0;"
"44768","100311267","""ArcheAge""","play","0.9","0;"
"44769","100311267","""WARMODE""","purchase","1.0","0;"
"44770","100311267","""WARMODE""","play","0.9","0;"
"44771","100311267","""Red Faction Armageddon""","purchase","1.0","0;"
"44772","100311267","""Red Faction Armageddon""","play","0.9","0;"
"44773","100311267","""Remember Me""","purchase","1.0","0;"
"44774","100311267","""Remember Me""","play","0.9","0;"
"44775","100311267","""PAYDAY The Heist""","purchase","1.0","0;"
"44776","100311267","""PAYDAY The Heist""","play","0.9","0;"
"44777","100311267","""Nosgoth""","purchase","1.0","0;"
"44778","100311267","""Nosgoth""","play","0.8","0;"
"44779","100311267","""Lost Planet 3""","purchase","1.0","0;"
"44780","100311267","""Lost Planet 3""","play","0.8","0;"
"44781","100311267","""RaceRoom Racing Experience ""","purchase","1.0","0;"
"44782","100311267","""RaceRoom Racing Experience ""","play","0.7","0;"
"44783","100311267","""Viscera Cleanup Detail Shadow Warrior""","purchase","1.0","0;"
"44784","100311267","""Viscera Cleanup Detail Shadow Warrior""","play","0.6","0;"
"44785","100311267","""Red Faction""","purchase","1.0","0;"
"44786","100311267","""Red Faction""","play","0.5","0;"
"44787","100311267","""Deadbreed""","purchase","1.0","0;"
"44788","100311267","""Deadbreed""","play","0.5","0;"
"44789","100311267","""DmC Devil May Cry""","purchase","1.0","0;"
"44790","100311267","""DmC Devil May Cry""","play","0.4","0;"
"44791","100311267","""Dungeonland""","purchase","1.0","0;"
"44792","100311267","""Dungeonland""","play","0.4","0;"
"44793","100311267","""Rise of Incarnates""","purchase","1.0","0;"
"44794","100311267","""Rise of Incarnates""","play","0.4","0;"
"44795","100311267","""Double Action Boogaloo""","purchase","1.0","0;"
"44796","100311267","""Double Action Boogaloo""","play","0.4","0;"
"44797","100311267","""Survarium""","purchase","1.0","0;"
"44798","100311267","""Survarium""","play","0.4","0;"
"44799","100311267","""Counter-Strike Nexon Zombies""","purchase","1.0","0;"
"44800","100311267","""Counter-Strike Nexon Zombies""","play","0.3","0;"
"44801","100311267","""Anarchy Arcade""","purchase","1.0","0;"
"44802","100311267","""Anarchy Arcade""","play","0.3","0;"
"44803","100311267","""Dirty Bomb""","purchase","1.0","0;"
"44804","100311267","""Dirty Bomb""","play","0.3","0;"
"44805","100311267","""RACE 07""","purchase","1.0","0;"
"44806","100311267","""RACE 07""","play","0.2","0;"
"44807","100311267","""Fistful of Frags""","purchase","1.0","0;"
"44808","100311267","""Fistful of Frags""","play","0.2","0;"
"44809","100311267","""Afterfall InSanity Extended Edition""","purchase","1.0","0;"
"44810","100311267","""Afterfall InSanity Extended Edition""","play","0.2","0;"
"44811","100311267","""Heroes & Generals""","purchase","1.0","0;"
"44812","100311267","""Heroes & Generals""","play","0.2","0;"
"44813","100311267","""Dino D-Day""","purchase","1.0","0;"
"44814","100311267","""Dino D-Day""","play","0.2","0;"
"44815","100311267","""Dead Island Epidemic""","purchase","1.0","0;"
"44816","100311267","""Dead Island Epidemic""","play","0.2","0;"
"44817","100311267","""Vertiginous Golf""","purchase","1.0","0;"
"44818","100311267","""Vertiginous Golf""","play","0.2","0;"
"44819","100311267","""Defiance""","purchase","1.0","0;"
"44820","100311267","""Defiance""","play","0.2","0;"
"44821","100311267","""Pyramid Raid""","purchase","1.0","0;"
"44822","100311267","""Pyramid Raid""","play","0.2","0;"
"44823","100311267","""PlanetSide 2""","purchase","1.0","0;"
"44824","100311267","""PlanetSide 2""","play","0.1","0;"
"44825","100311267","""Lost Lands A Hidden Object Adventure""","purchase","1.0","0;"
"44826","100311267","""Lost Lands A Hidden Object Adventure""","play","0.1","0;"
"44827","100311267","""Frozen Free Fall Snowball Fight""","purchase","1.0","0;"
"44828","100311267","""Frozen Free Fall Snowball Fight""","play","0.1","0;"
"44829","100311267","""Modular Combat""","purchase","1.0","0;"
"44830","100311267","""Modular Combat""","play","0.1","0;"
"44831","100311267","""Moonbase Alpha""","purchase","1.0","0;"
"44832","100311267","""Resident Evil 5 / Biohazard 5""","purchase","1.0","0;"
"44833","100311267","""Dungeons & Dragons Online""","purchase","1.0","0;"
"44834","100311267","""Amnesia The Dark Descent""","purchase","1.0","0;"
"44835","100311267","""Bionic Commando Rearmed""","purchase","1.0","0;"
"44836","100311267","""BioShock Infinite""","purchase","1.0","0;"
"44837","100311267","""Canyon Capers""","purchase","1.0","0;"
"44838","100311267","""Chaos Domain""","purchase","1.0","0;"
"44839","100311267","""Crash Time II""","purchase","1.0","0;"
"44840","100311267","""Deadbreed  Undertaker Beta Pack""","purchase","1.0","0;"
"44841","100311267","""Disney Infinity 3.0 Play Without Limits""","purchase","1.0","0;"
"44842","100311267","""East India Company Gold""","purchase","1.0","0;"
"44843","100311267","""Enclave""","purchase","1.0","0;"
"44844","100311267","""Fractured Space""","purchase","1.0","0;"
"44845","100311267","""GTR Evolution""","purchase","1.0","0;"
"44846","100311267","""Gun Monkeys""","purchase","1.0","0;"
"44847","100311267","""H1Z1 Test Server""","purchase","1.0","0;"
"44848","100311267","""Ionball 2  Ionstorm""","purchase","1.0","0;"
"44849","100311267","""Knights and Merchants""","purchase","1.0","0;"
"44850","100311267","""KnightShift""","purchase","1.0","0;"
"44851","100311267","""Marine Sharpshooter II Jungle Warfare""","purchase","1.0","0;"
"44852","100311267","""Pid ""","purchase","1.0","0;"
"44853","100311267","""Pirates of Black Cove Gold""","purchase","1.0","0;"
"44854","100311267","""Realms of the Haunting""","purchase","1.0","0;"
"44855","100311267","""Red Faction Armageddon Soundtrack""","purchase","1.0","0;"
"44856","100311267","""Red Faction II""","purchase","1.0","0;"
"44857","100311267","""resident evil 4 / biohazard 4""","purchase","1.0","0;"
"44858","100311267","""Resident Evil Revelations / Biohazard Revelations""","purchase","1.0","0;"
"44859","100311267","""Resident Evil Revelations 2 / Biohazard Revelations 2""","purchase","1.0","0;"
"44860","100311267","""Sanctum""","purchase","1.0","0;"
"44861","100311267","""Space Hack""","purchase","1.0","0;"
"44862","100311267","""Strider""","purchase","1.0","0;"
"44863","100311267","""sZone-Online""","purchase","1.0","0;"
"44864","100311267","""The Culling Of The Cows""","purchase","1.0","0;"
"44865","100311267","""Ultra Street Fighter IV""","purchase","1.0","0;"
"44866","100311267","""Weird Worlds Return to Infinite Space""","purchase","1.0","0;"
"44867","100311267","""XCOM Enemy Unknown""","purchase","1.0","0;"
"160100","100322840","""Terraria""","purchase","1.0","0;"
"160101","100322840","""Terraria""","play","354.0","0;"
"160102","100322840","""Unturned""","purchase","1.0","0;"
"160103","100322840","""Unturned""","play","12.6","0;"
"44084","100351493","""EVE Online""","purchase","1.0","0;"
"44085","100351493","""EVE Online""","play","36.0","0;"
"44086","100351493","""Nevermind""","purchase","1.0","0;"
"44087","100351493","""Nevermind""","play","36.0","0;"
"44088","100351493","""Fallout 4""","purchase","1.0","0;"
"44089","100351493","""Fallout 4""","play","35.0","0;"
"44090","100351493","""The Stanley Parable""","purchase","1.0","0;"
"44091","100351493","""The Stanley Parable""","play","10.6","0;"
"44092","100351493","""Cities Skylines""","purchase","1.0","0;"
"44093","100351493","""Cities Skylines""","play","10.4","0;"
"44094","100351493","""Fallout 3""","purchase","1.0","0;"
"44095","100351493","""Fallout 3""","play","9.3","0;"
"44096","100351493","""Fallout 3 - Game of the Year Edition""","purchase","1.0","0;"
"44097","100351493","""Fallout 3 - Game of the Year Edition""","play","8.0","0;"
"44098","100351493","""Sid Meier's Civilization IV""","purchase","1.0","0;"
"44099","100351493","""Sid Meier's Civilization IV""","play","6.4","0;"
"44100","100351493","""The Talos Principle""","purchase","1.0","0;"
"44101","100351493","""The Talos Principle""","play","3.4","0;"
"44102","100351493","""Magicka""","purchase","1.0","0;"
"44103","100351493","""Magicka""","play","2.9","0;"
"44104","100351493","""The Beginner's Guide""","purchase","1.0","0;"
"44105","100351493","""The Beginner's Guide""","play","2.8","0;"
"44106","100351493","""Portal Stories Mel""","purchase","1.0","0;"
"44107","100351493","""Portal Stories Mel""","play","2.4","0;"
"44108","100351493","""Take On Mars""","purchase","1.0","0;"
"44109","100351493","""Take On Mars""","play","2.1","0;"
"44110","100351493","""Portal 2""","purchase","1.0","0;"
"44111","100351493","""Portal 2""","play","1.9","0;"
"44112","100351493","""Uplink""","purchase","1.0","0;"
"44113","100351493","""Uplink""","play","1.9","0;"
"44114","100351493","""Sid Meier's Civilization V""","purchase","1.0","0;"
"44115","100351493","""Sid Meier's Civilization V""","play","1.5","0;"
"44116","100351493","""PlanetSide 2""","purchase","1.0","0;"
"44117","100351493","""PlanetSide 2""","play","1.4","0;"
"44118","100351493","""World of Goo""","purchase","1.0","0;"
"44119","100351493","""World of Goo""","play","0.8","0;"
"44120","100351493","""A Story About My Uncle""","purchase","1.0","0;"
"44121","100351493","""A Story About My Uncle""","play","0.7","0;"
"44122","100351493","""Space Engineers""","purchase","1.0","0;"
"44123","100351493","""Space Engineers""","play","0.4","0;"
"44124","100351493","""BioShock""","purchase","1.0","0;"
"44125","100351493","""BioShock""","play","0.4","0;"
"44126","100351493","""CRYENGINE""","purchase","1.0","0;"
"44127","100351493","""CRYENGINE""","play","0.1","0;"
"44128","100351493","""Rexaura""","purchase","1.0","0;"
"44129","100351493","""Rexaura""","play","0.1","0;"
"44130","100351493","""Thinking with Time Machine""","purchase","1.0","0;"
"44131","100351493","""Portal""","purchase","1.0","0;"
"44132","100351493","""BioShock 2""","purchase","1.0","0;"
"44133","100351493","""BioShock Infinite""","purchase","1.0","0;"
"44134","100351493","""Sid Meier's Civilization IV""","purchase","1.0","0;"
"44135","100351493","""Sid Meier's Civilization IV Beyond the Sword""","purchase","1.0","0;"
"44136","100351493","""Sid Meier's Civilization IV Beyond the Sword""","purchase","1.0","0;"
"44137","100351493","""Sid Meier's Civilization IV Colonization""","purchase","1.0","0;"
"44138","100351493","""Sid Meier's Civilization IV Colonization""","purchase","1.0","0;"
"44139","100351493","""Sid Meier's Civilization IV Warlords""","purchase","1.0","0;"
"44140","100351493","""Sid Meier's Civilization IV Warlords""","purchase","1.0","0;"
"132216","100353577","""Dota 2""","purchase","1.0","0;"
"132217","100353577","""Dota 2""","play","57.0","0;"
"131598","100359523","""Call of Duty Modern Warfare 3""","purchase","1.0","0;"
"131599","100359523","""Call of Duty Modern Warfare 3""","play","143.0","0;"
"131600","100359523","""DOOM 3 BFG Edition""","purchase","1.0","0;"
"131601","100359523","""DOOM 3 BFG Edition""","play","77.0","0;"
"131602","100359523","""RIFT""","purchase","1.0","0;"
"131603","100359523","""RIFT""","play","55.0","0;"
"131604","100359523","""Homefront""","purchase","1.0","0;"
"131605","100359523","""Homefront""","play","14.7","0;"
"131606","100359523","""Call of Duty Modern Warfare 3 - Multiplayer""","purchase","1.0","0;"
"131607","100359523","""Call of Duty Modern Warfare 3 - Multiplayer""","play","4.4","0;"
"131608","100359523","""Neverwinter""","purchase","1.0","0;"
"131609","100359523","""Neverwinter""","play","0.2","0;"
"131610","100359523","""Panzar""","purchase","1.0","0;"
"196930","100412579","""Order of War""","purchase","1.0","0;"
"196931","100412579","""Order of War""","play","2.2","0;"
"113966","100431715","""Half-Life 2""","purchase","1.0","0;"
"113967","100431715","""Half-Life 2""","play","11.6","0;"
"113968","100431715","""Cities Skylines""","purchase","1.0","0;"
"113969","100431715","""Cities Skylines""","play","11.1","0;"
"113970","100431715","""Fallout New Vegas""","purchase","1.0","0;"
"113971","100431715","""Fallout New Vegas""","play","1.8","0;"
"113972","100431715","""Max Payne 3""","purchase","1.0","0;"
"113973","100431715","""Max Payne 3""","play","1.3","0;"
"113974","100431715","""BioShock Infinite""","purchase","1.0","0;"
"113975","100431715","""BioShock Infinite""","play","1.0","0;"
"113976","100431715","""Portal""","purchase","1.0","0;"
"113977","100431715","""Portal""","play","0.9","0;"
"113978","100431715","""Half-Life 2 Lost Coast""","purchase","1.0","0;"
"113979","100431715","""Half-Life 2 Lost Coast""","play","0.5","0;"
"113980","100431715","""Portal 2""","purchase","1.0","0;"
"113981","100431715","""Portal 2""","play","0.2","0;"
"113982","100431715","""Mafia II""","purchase","1.0","0;"
"113983","100431715","""Fallout New Vegas Courier's Stash""","purchase","1.0","0;"
"113984","100431715","""Fallout New Vegas Dead Money""","purchase","1.0","0;"
"113985","100431715","""Fallout New Vegas Honest Hearts""","purchase","1.0","0;"
"113986","100431715","""Half-Life 2 Episode One""","purchase","1.0","0;"
"113987","100431715","""Half-Life 2 Episode Two""","purchase","1.0","0;"
"141455","100444456","""Dead Island""","purchase","1.0","0;"
"141456","100444456","""Dead Island""","play","37.0","0;"
"141457","100444456","""WAKFU""","purchase","1.0","0;"
"141458","100444456","""WAKFU""","play","14.1","0;"
"141459","100444456","""Team Fortress 2""","purchase","1.0","0;"
"141460","100444456","""Team Fortress 2""","play","10.3","0;"
"141461","100444456","""Dead Island Riptide""","purchase","1.0","0;"
"141462","100444456","""Dead Island Riptide""","play","2.1","0;"
"141463","100444456","""Metro 2033""","purchase","1.0","0;"
"141464","100444456","""Metro 2033""","play","0.4","0;"
"141465","100444456","""Dying Light""","purchase","1.0","0;"
"141466","100444456","""Dying Light""","play","0.3","0;"
"19968","100478352","""The Elder Scrolls V Skyrim""","purchase","1.0","0;"
"19969","100478352","""The Elder Scrolls V Skyrim""","play","37.0","0;"
"4087","100519466","""Arma 3""","purchase","1.0","0;"
"4088","100519466","""Arma 3""","play","2484.0","0;"
"4089","100519466","""Garry's Mod""","purchase","1.0","0;"
"4090","100519466","""Garry's Mod""","play","188.0","0;"
"4091","100519466","""ARK Survival Evolved""","purchase","1.0","0;"
"4092","100519466","""ARK Survival Evolved""","play","183.0","0;"
"4093","100519466","""Arma 2 Operation Arrowhead""","purchase","1.0","0;"
"4094","100519466","""Arma 2 Operation Arrowhead""","play","147.0","0;"
"4095","100519466","""Saints Row The Third""","purchase","1.0","0;"
"4096","100519466","""Saints Row The Third""","play","114.0","0;"
"4097","100519466","""Space Engineers""","purchase","1.0","0;"
"4098","100519466","""Space Engineers""","play","83.0","0;"
"4099","100519466","""Robocraft""","purchase","1.0","0;"
"4100","100519466","""Robocraft""","play","73.0","0;"
"4101","100519466","""Team Fortress 2""","purchase","1.0","0;"
"4102","100519466","""Team Fortress 2""","play","36.0","0;"
"4103","100519466","""Sniper Ghost Warrior""","purchase","1.0","0;"
"4104","100519466","""Sniper Ghost Warrior""","play","32.0","0;"
"4105","100519466","""PAYDAY 2""","purchase","1.0","0;"
"4106","100519466","""PAYDAY 2""","play","30.0","0;"
"4107","100519466","""Euro Truck Simulator 2""","purchase","1.0","0;"
"4108","100519466","""Euro Truck Simulator 2""","play","29.0","0;"
"4109","100519466","""Farming Simulator 15""","purchase","1.0","0;"
"4110","100519466","""Farming Simulator 15""","play","25.0","0;"
"4111","100519466","""Sniper Ghost Warrior 2""","purchase","1.0","0;"
"4112","100519466","""Sniper Ghost Warrior 2""","play","24.0","0;"
"4113","100519466","""BLOCKADE 3D""","purchase","1.0","0;"
"4114","100519466","""BLOCKADE 3D""","play","19.4","0;"
"4115","100519466","""HAWKEN""","purchase","1.0","0;"
"4116","100519466","""HAWKEN""","play","17.7","0;"
"4117","100519466","""Borderlands 2""","purchase","1.0","0;"
"4118","100519466","""Borderlands 2""","play","15.6","0;"
"4119","100519466","""Portal 2""","purchase","1.0","0;"
"4120","100519466","""Portal 2""","play","15.0","0;"
"4121","100519466","""Dishonored""","purchase","1.0","0;"
"4122","100519466","""Dishonored""","play","14.8","0;"
"4123","100519466","""Rocket League""","purchase","1.0","0;"
"4124","100519466","""Rocket League""","play","9.7","0;"
"4125","100519466","""Dead Island""","purchase","1.0","0;"
"4126","100519466","""Dead Island""","play","6.9","0;"
"4127","100519466","""Rise of Nations Extended Edition""","purchase","1.0","0;"
"4128","100519466","""Rise of Nations Extended Edition""","play","6.7","0;"
"4129","100519466","""Warframe""","purchase","1.0","0;"
"4130","100519466","""Warframe""","play","6.6","0;"
"4131","100519466","""Sid Meier's Civilization Beyond Earth""","purchase","1.0","0;"
"4132","100519466","""Sid Meier's Civilization Beyond Earth""","play","5.3","0;"
"4133","100519466","""Don't Starve""","purchase","1.0","0;"
"4134","100519466","""Don't Starve""","play","3.6","0;"
"4135","100519466","""The Elder Scrolls V Skyrim""","purchase","1.0","0;"
"4136","100519466","""The Elder Scrolls V Skyrim""","play","3.5","0;"
"4137","100519466","""PlanetSide 2""","purchase","1.0","0;"
"4138","100519466","""PlanetSide 2""","play","3.4","0;"
"4139","100519466","""Need for Speed SHIFT""","purchase","1.0","0;"
"4140","100519466","""Need for Speed SHIFT""","play","1.8","0;"
"4141","100519466","""War Thunder""","purchase","1.0","0;"
"4142","100519466","""War Thunder""","play","1.6","0;"
"4143","100519466","""APB Reloaded""","purchase","1.0","0;"
"4144","100519466","""APB Reloaded""","play","1.4","0;"
"4145","100519466","""SpeedRunners""","purchase","1.0","0;"
"4146","100519466","""SpeedRunners""","play","1.2","0;"
"4147","100519466","""Arma 2""","purchase","1.0","0;"
"4148","100519466","""Arma 2""","play","0.8","0;"
"4149","100519466","""Saints Row IV""","purchase","1.0","0;"
"4150","100519466","""Saints Row IV""","play","0.6","0;"
"4151","100519466","""Toribash""","purchase","1.0","0;"
"4152","100519466","""Toribash""","play","0.4","0;"
"4153","100519466","""Tactical Intervention""","purchase","1.0","0;"
"4154","100519466","""Tactical Intervention""","play","0.3","0;"
"4155","100519466","""SimCity 4 Deluxe""","purchase","1.0","0;"
"4156","100519466","""Arma 2 DayZ Mod""","purchase","1.0","0;"
"4157","100519466","""Age of Empires II HD Edition""","purchase","1.0","0;"
"4158","100519466","""Arma 2 Operation Arrowhead Beta (Obsolete)""","purchase","1.0","0;"
"4159","100519466","""Arma 3 Helicopters""","purchase","1.0","0;"
"4160","100519466","""Arma 3 Karts""","purchase","1.0","0;"
"4161","100519466","""Arma 3 Marksmen""","purchase","1.0","0;"
"4162","100519466","""Arma 3 Zeus""","purchase","1.0","0;"
"4163","100519466","""Arma Cold War Assault""","purchase","1.0","0;"
"4164","100519466","""Clicker Heroes""","purchase","1.0","0;"
"4165","100519466","""Don't Starve Together Beta""","purchase","1.0","0;"
"4166","100519466","""Euro Truck Simulator 2 - Going East!""","purchase","1.0","0;"
"4167","100519466","""Loadout""","purchase","1.0","0;"
"4168","100519466","""Marvel Heroes 2015""","purchase","1.0","0;"
"4169","100519466","""Pid ""","purchase","1.0","0;"
"4170","100519466","""RADical ROACH Deluxe Edition""","purchase","1.0","0;"
"4171","100519466","""Skyrim High Resolution Texture Pack""","purchase","1.0","0;"
"4172","100519466","""Sniper Ghost Warrior 2 Multiplayer Expansion Pack""","purchase","1.0","0;"
"4173","100519466","""Stronghold HD""","purchase","1.0","0;"
"4174","100519466","""The Mighty Quest For Epic Loot""","purchase","1.0","0;"
"156920","100607499","""Total War SHOGUN 2""","purchase","1.0","0;"
"156921","100607499","""Total War SHOGUN 2""","play","2.4","0;"
"156922","100607499","""Total War SHOGUN 2 - Fall of the Samurai""","purchase","1.0","0;"
"94085","100616360","""Team Fortress 2""","purchase","1.0","0;"
"94086","100616360","""Team Fortress 2""","play","1.7","0;"
"112642","100630947","""Dota 2""","purchase","1.0","0;"
"112643","100630947","""Dota 2""","play","10442.0","0;"
"112644","100630947","""Counter-Strike Global Offensive""","purchase","1.0","0;"
"112645","100630947","""Counter-Strike Global Offensive""","play","405.0","0;"
"112646","100630947","""Rust""","purchase","1.0","0;"
"112647","100630947","""Rust""","play","3.4","0;"
"112648","100630947","""FreeStyle2 Street Basketball""","purchase","1.0","0;"
"112649","100630947","""FreeStyle2 Street Basketball""","play","2.5","0;"
"112650","100630947","""Aura Kingdom""","purchase","1.0","0;"
"112651","100630947","""Aura Kingdom""","play","0.2","0;"
"112652","100630947","""Left 4 Dead 2""","purchase","1.0","0;"
"112653","100630947","""Left 4 Dead 2""","play","0.1","0;"
"112654","100630947","""Free to Play""","purchase","1.0","0;"
"112655","100630947","""No More Room in Hell""","purchase","1.0","0;"
"112656","100630947","""The Lord of the Rings Online""","purchase","1.0","0;"
"112657","100630947","""War Thunder""","purchase","1.0","0;"
"193130","10064100","""Half-Life 2""","purchase","1.0","0;"
"193131","10064100","""Half-Life 2""","play","1.7","0;"
"193132","10064100","""Counter-Strike Source""","purchase","1.0","0;"
"193133","10064100","""Counter-Strike Source""","play","0.2","0;"
"193134","10064100","""Half-Life 2 Lost Coast""","purchase","1.0","0;"
"193135","10064100","""Half-Life 2 Deathmatch""","purchase","1.0","0;"
"99584","100642975","""Faerie Solitaire""","purchase","1.0","0;"
"99585","100642975","""Left 4 Dead 2""","purchase","1.0","0;"
"99586","100642975","""Red Orchestra 2 Heroes of Stalingrad - Single Player""","purchase","1.0","0;"
"99587","100642975","""Rising Storm/Red Orchestra 2 Multiplayer""","purchase","1.0","0;"
"99588","100642975","""Stronghold Kingdoms""","purchase","1.0","0;"
"182284","1006880","""Counter-Strike""","purchase","1.0","0;"
"182285","1006880","""Day of Defeat""","purchase","1.0","0;"
"182286","1006880","""Deathmatch Classic""","purchase","1.0","0;"
"182287","1006880","""Half-Life""","purchase","1.0","0;"
"182288","1006880","""Half-Life Blue Shift""","purchase","1.0","0;"
"182289","1006880","""Half-Life Opposing Force""","purchase","1.0","0;"
"182290","1006880","""Ricochet""","purchase","1.0","0;"
"182291","1006880","""Team Fortress Classic""","purchase","1.0","0;"
"151511","100719181","""Dota 2""","purchase","1.0","0;"
"151512","100719181","""Dota 2""","play","290.0","0;"
"151513","100719181","""Counter-Strike Global Offensive""","purchase","1.0","0;"
"151514","100719181","""Counter-Strike Global Offensive""","play","61.0","0;"
"151515","100719181","""Total War SHOGUN 2""","purchase","1.0","0;"
"151516","100719181","""Total War SHOGUN 2""","play","40.0","0;"
"151517","100719181","""Garry's Mod""","purchase","1.0","0;"
"151518","100719181","""Garry's Mod""","play","29.0","0;"
"151519","100719181","""Team Fortress 2""","purchase","1.0","0;"
"151520","100719181","""Team Fortress 2""","play","29.0","0;"
"151521","100719181","""Rising Storm/Red Orchestra 2 Multiplayer""","purchase","1.0","0;"
"151522","100719181","""Rising Storm/Red Orchestra 2 Multiplayer""","play","26.0","0;"
"151523","100719181","""Rome Total War""","purchase","1.0","0;"
"151524","100719181","""Rome Total War""","play","16.0","0;"
"151525","100719181","""DC Universe Online""","purchase","1.0","0;"
"151526","100719181","""DC Universe Online""","play","15.7","0;"
"151527","100719181","""Terraria""","purchase","1.0","0;"
"151528","100719181","""Terraria""","play","11.7","0;"
"151529","100719181","""Unturned""","purchase","1.0","0;"
"151530","100719181","""Unturned""","play","9.0","0;"
"151531","100719181","""XCOM Enemy Unknown""","purchase","1.0","0;"
"151532","100719181","""XCOM Enemy Unknown""","play","8.5","0;"
"151533","100719181","""Left 4 Dead 2""","purchase","1.0","0;"
"151534","100719181","""Left 4 Dead 2""","play","7.0","0;"
"151535","100719181","""Fishing Planet""","purchase","1.0","0;"
"151536","100719181","""Fishing Planet""","play","3.4","0;"
"151537","100719181","""Order of War Challenge""","purchase","1.0","0;"
"151538","100719181","""Order of War Challenge""","play","3.1","0;"
"151539","100719181","""Warframe""","purchase","1.0","0;"
"151540","100719181","""Warframe""","play","2.1","0;"
"151541","100719181","""Trove""","purchase","1.0","0;"
"151542","100719181","""Trove""","play","1.7","0;"
"151543","100719181","""Source Filmmaker""","purchase","1.0","0;"
"151544","100719181","""Source Filmmaker""","play","1.5","0;"
"151545","100719181","""FreeStyle2 Street Basketball""","purchase","1.0","0;"
"151546","100719181","""FreeStyle2 Street Basketball""","play","1.0","0;"
"151547","100719181","""Heroes & Generals""","purchase","1.0","0;"
"151548","100719181","""Heroes & Generals""","play","0.9","0;"
"151549","100719181","""Everlasting Summer""","purchase","1.0","0;"
"151550","100719181","""Everlasting Summer""","play","0.4","0;"
"151551","100719181","""Tom Clancy's Ghost Recon Phantoms - EU""","purchase","1.0","0;"
"151552","100719181","""Tom Clancy's Ghost Recon Phantoms - EU""","play","0.2","0;"
"151553","100719181","""Aura Kingdom""","purchase","1.0","0;"
"151554","100719181","""Aura Kingdom""","play","0.1","0;"
"151555","100719181","""Counter-Strike Source""","purchase","1.0","0;"
"151556","100719181","""BLOCKADE 3D""","purchase","1.0","0;"
"151557","100719181","""Block N Load""","purchase","1.0","0;"
"151558","100719181","""Counter-Strike""","purchase","1.0","0;"
"151559","100719181","""Counter-Strike Condition Zero""","purchase","1.0","0;"
"151560","100719181","""Counter-Strike Condition Zero Deleted Scenes""","purchase","1.0","0;"
"151561","100719181","""Counter-Strike Nexon Zombies""","purchase","1.0","0;"
"151562","100719181","""Cry of Fear""","purchase","1.0","0;"
"151563","100719181","""Day of Defeat""","purchase","1.0","0;"
"151564","100719181","""Day of Defeat Source""","purchase","1.0","0;"
"151565","100719181","""Deadbreed""","purchase","1.0","0;"
"151566","100719181","""Dead Island Epidemic""","purchase","1.0","0;"
"151567","100719181","""Deathmatch Classic""","purchase","1.0","0;"
"151568","100719181","""Half-Life""","purchase","1.0","0;"
"151569","100719181","""Half-Life 2""","purchase","1.0","0;"
"151570","100719181","""Half-Life 2 Deathmatch""","purchase","1.0","0;"
"151571","100719181","""Half-Life 2 Episode One""","purchase","1.0","0;"
"151572","100719181","""Half-Life 2 Episode Two""","purchase","1.0","0;"
"151573","100719181","""Half-Life 2 Lost Coast""","purchase","1.0","0;"
"151574","100719181","""Half-Life Blue Shift""","purchase","1.0","0;"
"151575","100719181","""Half-Life Opposing Force""","purchase","1.0","0;"
"151576","100719181","""Half-Life Source""","purchase","1.0","0;"
"151577","100719181","""Half-Life Deathmatch Source""","purchase","1.0","0;"
"151578","100719181","""Left 4 Dead""","purchase","1.0","0;"
"151579","100719181","""Loadout""","purchase","1.0","0;"
"151580","100719181","""Marvel Heroes 2015""","purchase","1.0","0;"
"151581","100719181","""Neverwinter""","purchase","1.0","0;"
"151582","100719181","""No More Room in Hell""","purchase","1.0","0;"
"151583","100719181","""Nosgoth""","purchase","1.0","0;"
"151584","100719181","""Only If""","purchase","1.0","0;"
"151585","100719181","""Portal""","purchase","1.0","0;"
"151586","100719181","""Portal 2""","purchase","1.0","0;"
"151587","100719181","""Red Crucible Firestorm""","purchase","1.0","0;"
"151588","100719181","""Red Orchestra 2 Heroes of Stalingrad - Single Player""","purchase","1.0","0;"
"151589","100719181","""Ricochet""","purchase","1.0","0;"
"151590","100719181","""Team Fortress Classic""","purchase","1.0","0;"
"151591","100719181","""Total War SHOGUN 2 - Fall of the Samurai""","purchase","1.0","0;"
"37728","100728962","""Dota 2""","purchase","1.0","0;"
"37729","100728962","""Dota 2""","play","73.0","0;"
"95195","100741663","""Half-Life 2""","purchase","1.0","0;"
"95196","100741663","""Half-Life 2""","play","18.1","0;"
"95197","100741663","""Half-Life""","purchase","1.0","0;"
"95198","100741663","""Half-Life""","play","15.0","0;"
"95199","100741663","""Rome Total War""","purchase","1.0","0;"
"95200","100741663","""Rome Total War""","play","7.9","0;"
"95201","100741663","""Portal 2""","purchase","1.0","0;"
"95202","100741663","""Portal 2""","play","7.8","0;"
"95203","100741663","""Half-Life 2 Episode Two""","purchase","1.0","0;"
"95204","100741663","""Half-Life 2 Episode Two""","play","5.1","0;"
"95205","100741663","""Half-Life 2 Episode One""","purchase","1.0","0;"
"95206","100741663","""Half-Life 2 Episode One""","play","4.9","0;"
"95207","100741663","""Star Wars - Battlefront II""","purchase","1.0","0;"
"95208","100741663","""Star Wars - Battlefront II""","play","3.3","0;"
"95209","100741663","""Portal""","purchase","1.0","0;"
"95210","100741663","""Portal""","play","2.6","0;"
"95211","100741663","""Star Wars Republic Commando""","purchase","1.0","0;"
"95212","100741663","""Star Wars Republic Commando""","play","2.5","0;"
"95213","100741663","""Borderlands""","purchase","1.0","0;"
"95214","100741663","""Borderlands""","play","1.8","0;"
"95215","100741663","""Empire Total War""","purchase","1.0","0;"
"95216","100741663","""Empire Total War""","play","1.2","0;"
"95217","100741663","""Age of Empires II HD Edition""","purchase","1.0","0;"
"95218","100741663","""Age of Empires II HD Edition""","play","0.9","0;"
"95219","100741663","""Medieval II Total War""","purchase","1.0","0;"
"95220","100741663","""Medieval II Total War""","play","0.5","0;"
"95221","100741663","""Batman Arkham Asylum GOTY Edition""","purchase","1.0","0;"
"95222","100741663","""Batman Arkham Asylum GOTY Edition""","play","0.5","0;"
"95223","100741663","""Batman Arkham City GOTY""","purchase","1.0","0;"
"95224","100741663","""Batman Arkham City""","purchase","1.0","0;"
"95225","100741663","""Borderlands DLC Claptraps New Robot Revolution""","purchase","1.0","0;"
"95226","100741663","""Borderlands DLC Mad Moxxi's Underdome Riot""","purchase","1.0","0;"
"95227","100741663","""Borderlands DLC The Secret Armory of General Knoxx""","purchase","1.0","0;"
"95228","100741663","""Borderlands DLC The Zombie Island of Dr. Ned""","purchase","1.0","0;"
"95229","100741663","""Gotham City Impostors""","purchase","1.0","0;"
"95230","100741663","""Gotham City Impostors Free To Play""","purchase","1.0","0;"
"95231","100741663","""Half-Life 2 Deathmatch""","purchase","1.0","0;"
"95232","100741663","""Half-Life 2 Lost Coast""","purchase","1.0","0;"
"95233","100741663","""Half-Life Deathmatch Source""","purchase","1.0","0;"
"95234","100741663","""LEGO Batman 2""","purchase","1.0","0;"
"95235","100741663","""Medieval II Total War Kingdoms""","purchase","1.0","0;"
"95236","100741663","""Napoleon Total War""","purchase","1.0","0;"
"95237","100741663","""Rome Total War - Alexander""","purchase","1.0","0;"
"95462","100767560","""Plants vs. Zombies Game of the Year""","purchase","1.0","0;"
"95463","100767560","""Plants vs. Zombies Game of the Year""","play","11.6","0;"
"107486","100769089","""Counter-Strike Global Offensive""","purchase","1.0","0;"
"107487","100769089","""Counter-Strike Global Offensive""","play","114.0","0;"
"107488","100769089","""Terraria""","purchase","1.0","0;"
"107489","100769089","""Terraria""","play","46.0","0;"
"107490","100769089","""Team Fortress 2""","purchase","1.0","0;"
"107491","100769089","""Team Fortress 2""","play","37.0","0;"
"107492","100769089","""The Elder Scrolls V Skyrim""","purchase","1.0","0;"
"107493","100769089","""The Elder Scrolls V Skyrim""","play","23.0","0;"
"107494","100769089","""BioShock Infinite""","purchase","1.0","0;"
"107495","100769089","""BioShock Infinite""","play","8.7","0;"
"107496","100769089","""APB Reloaded""","purchase","1.0","0;"
"107497","100769089","""APB Reloaded""","play","8.4","0;"
"107498","100769089","""Don't Starve""","purchase","1.0","0;"
"107499","100769089","""Don't Starve""","play","8.3","0;"
"107500","100769089","""Dungeon Defenders II""","purchase","1.0","0;"
"107501","100769089","""Dungeon Defenders II""","play","5.9","0;"
"107502","100769089","""AdVenture Capitalist""","purchase","1.0","0;"
"107503","100769089","""AdVenture Capitalist""","play","1.5","0;"
"107504","100769089","""Unturned""","purchase","1.0","0;"
"107505","100769089","""Unturned""","play","1.2","0;"
"107506","100769089","""Torchlight II""","purchase","1.0","0;"
"107507","100769089","""Torchlight II""","play","0.8","0;"
"107508","100769089","""Super Meat Boy""","purchase","1.0","0;"
"107509","100769089","""Super Meat Boy""","play","0.7","0;"
"107510","100769089","""Trove""","purchase","1.0","0;"
"107511","100769089","""Trove""","play","0.7","0;"
"107512","100769089","""Dota 2""","purchase","1.0","0;"
"107513","100769089","""Dota 2""","play","0.6","0;"
"107514","100769089","""Firefall""","purchase","1.0","0;"
"107515","100769089","""Firefall""","play","0.2","0;"
"107516","100769089","""Robocraft""","purchase","1.0","0;"
"107517","100769089","""Robocraft""","play","0.1","0;"
"107518","100769089","""Don't Starve Together Beta""","purchase","1.0","0;"
"150153","100813586","""Total War SHOGUN 2""","purchase","1.0","0;"
"150154","100813586","""Total War SHOGUN 2""","play","2.4","0;"
"150155","100813586","""Deus Ex Human Revolution""","purchase","1.0","0;"
"195535","100818860","""Killing Floor""","purchase","1.0","0;"
"195536","100818860","""Killing Floor""","play","14.9","0;"
"195537","100818860","""Dota 2""","purchase","1.0","0;"
"195538","100818860","""Dota 2""","play","8.2","0;"
"195539","100818860","""Left 4 Dead 2""","purchase","1.0","0;"
"195540","100818860","""Left 4 Dead 2""","play","7.7","0;"
"195541","100818860","""Saints Row The Third""","purchase","1.0","0;"
"195542","100818860","""Saints Row The Third""","play","5.3","0;"
"195543","100818860","""Team Fortress 2""","purchase","1.0","0;"
"195544","100818860","""Team Fortress 2""","play","4.5","0;"
"195545","100818860","""Dead Island""","purchase","1.0","0;"
"195546","100818860","""Dead Island""","play","4.5","0;"
"195547","100818860","""Burnout Paradise The Ultimate Box""","purchase","1.0","0;"
"195548","100818860","""Burnout Paradise The Ultimate Box""","play","2.2","0;"
"195549","100818860","""Sniper Ghost Warrior""","purchase","1.0","0;"
"195550","100818860","""Sniper Ghost Warrior""","play","0.2","0;"
"195551","100818860","""Arma 2""","purchase","1.0","0;"
"195552","100818860","""Arma 2 Operation Arrowhead""","purchase","1.0","0;"
"195553","100818860","""Arma 2 Operation Arrowhead Beta (Obsolete)""","purchase","1.0","0;"
"195554","100818860","""Killing Floor Mod Defence Alliance 2""","purchase","1.0","0;"
"115753","100833937","""Grand Theft Auto IV""","purchase","1.0","0;"
"115754","100833937","""Grand Theft Auto IV""","play","65.0","0;"
"115755","100833937","""Cities XL 2012""","purchase","1.0","0;"
"115756","100833937","""Cities XL 2012""","play","57.0","0;"
"115757","100833937","""Portal 2""","purchase","1.0","0;"
"115758","100833937","""Portal 2""","play","15.1","0;"
"115759","100833937","""Portal""","purchase","1.0","0;"
"115760","100833937","""Portal""","play","5.9","0;"
"115761","100833937","""Puddle""","purchase","1.0","0;"
"115762","100833937","""Puddle""","play","0.4","0;"
"177865","100894366","""Assassin's Creed III""","purchase","1.0","0;"
"177866","100894366","""Assassin's Creed III""","play","491.0","0;"
"177867","100894366","""Marvel Heroes 2015""","purchase","1.0","0;"
"177868","100894366","""Marvel Heroes 2015""","play","230.0","0;"
"177869","100894366","""LEGO MARVEL Super Heroes""","purchase","1.0","0;"
"177870","100894366","""LEGO MARVEL Super Heroes""","play","154.0","0;"
"177871","100894366","""The Elder Scrolls V Skyrim""","purchase","1.0","0;"
"177872","100894366","""The Elder Scrolls V Skyrim""","play","47.0","0;"
"177873","100894366","""Batman Arkham City GOTY""","purchase","1.0","0;"
"177874","100894366","""Batman Arkham City GOTY""","play","16.0","0;"
"177875","100894366","""Borderlands 2""","purchase","1.0","0;"
"177876","100894366","""Borderlands 2""","play","7.8","0;"
"177877","100894366","""Age of Empires Online""","purchase","1.0","0;"
"177878","100894366","""Age of Empires Online""","play","6.3","0;"
"177879","100894366","""Batman Arkham Origins""","purchase","1.0","0;"
"177880","100894366","""Batman Arkham Origins""","play","5.5","0;"
"177881","100894366","""Sniper Elite V2""","purchase","1.0","0;"
"177882","100894366","""Sniper Elite V2""","play","5.0","0;"
"177883","100894366","""Grand Theft Auto IV""","purchase","1.0","0;"
"177884","100894366","""Grand Theft Auto IV""","play","5.0","0;"
"177885","100894366","""Sid Meier's Civilization V""","purchase","1.0","0;"
"177886","100894366","""Sid Meier's Civilization V""","play","4.4","0;"
"177887","100894366","""South Park The Stick of Truth""","purchase","1.0","0;"
"177888","100894366","""South Park The Stick of Truth""","play","2.2","0;"
"177889","100894366","""The Walking Dead""","purchase","1.0","0;"
"177890","100894366","""The Walking Dead""","play","1.9","0;"
"177891","100894366","""FINAL FANTASY VIII""","purchase","1.0","0;"
"177892","100894366","""FINAL FANTASY VIII""","play","1.4","0;"
"177893","100894366","""The Witcher Enhanced Edition""","purchase","1.0","0;"
"177894","100894366","""The Witcher Enhanced Edition""","play","1.2","0;"
"177895","100894366","""Batman Arkham Asylum GOTY Edition""","purchase","1.0","0;"
"177896","100894366","""Batman Arkham Asylum GOTY Edition""","play","1.1","0;"
"177897","100894366","""Fable - The Lost Chapters""","purchase","1.0","0;"
"177898","100894366","""Fable - The Lost Chapters""","play","0.9","0;"
"177899","100894366","""Tomb Raider""","purchase","1.0","0;"
"177900","100894366","""Tomb Raider""","play","0.5","0;"
"177901","100894366","""FINAL FANTASY III""","purchase","1.0","0;"
"177902","100894366","""FINAL FANTASY III""","play","0.5","0;"
"177903","100894366","""The Lord of the Rings War in the North""","purchase","1.0","0;"
"177904","100894366","""The Lord of the Rings War in the North""","play","0.3","0;"
"177905","100894366","""Dead Island""","purchase","1.0","0;"
"177906","100894366","""Dead Island""","play","0.3","0;"
"177907","100894366","""Star Wars - Battlefront II""","purchase","1.0","0;"
"177908","100894366","""Star Wars - Battlefront II""","play","0.2","0;"
"177909","100894366","""Batman Arkham Knight""","purchase","1.0","0;"
"177910","100894366","""Batman Arkham Knight""","play","0.2","0;"
"177911","100894366","""Firefly Online Cortex""","purchase","1.0","0;"
"177912","100894366","""Firefly Online Cortex""","play","0.2","0;"
"177913","100894366","""Hitman Sniper Challenge""","purchase","1.0","0;"
"177914","100894366","""Hitman Sniper Challenge""","play","0.1","0;"
"177915","100894366","""Scribblenauts Unlimited""","purchase","1.0","0;"
"177916","100894366","""Scribblenauts Unlimited""","play","0.1","0;"
"177917","100894366","""Rising Storm/Red Orchestra 2 Multiplayer""","purchase","1.0","0;"
"177918","100894366","""BioShock Infinite""","purchase","1.0","0;"
"177919","100894366","""Left 4 Dead""","purchase","1.0","0;"
"177920","100894366","""Dishonored""","purchase","1.0","0;"
"177921","100894366","""Star Wars Knights of the Old Republic""","purchase","1.0","0;"
"177922","100894366","""Batman Arkham Origins - Infinite Earths Skins Pack""","purchase","1.0","0;"
"177923","100894366","""Batman Arkham Origins - Initiation""","purchase","1.0","0;"
"177924","100894366","""Batman Arkham Origins - New Millennium Skins Pack""","purchase","1.0","0;"
"177925","100894366","""Batman Arkham Origins -  Online Supply Drop 1""","purchase","1.0","0;"
"177926","100894366","""Batman Arkham Origins - Online Supply Drop 2""","purchase","1.0","0;"
"177927","100894366","""Batman Arkham Origins Blackgate - Deluxe Edition""","purchase","1.0","0;"
"177928","100894366","""BioShock""","purchase","1.0","0;"
"177929","100894366","""BioShock 2""","purchase","1.0","0;"
"177930","100894366","""Dragon Age Origins - Ultimate Edition""","purchase","1.0","0;"
"177931","100894366","""F.E.A.R. 2 Project Origin""","purchase","1.0","0;"
"177932","100894366","""F.E.A.R. 3""","purchase","1.0","0;"
"177933","100894366","""FINAL FANTASY IV""","purchase","1.0","0;"
"177934","100894366","""FINAL FANTASY VII""","purchase","1.0","0;"
"177935","100894366","""FINAL FANTASY XIII""","purchase","1.0","0;"
"177936","100894366","""Grand Theft Auto Episodes from Liberty City""","purchase","1.0","0;"
"177937","100894366","""GRID 2""","purchase","1.0","0;"
"177938","100894366","""Happy Wars""","purchase","1.0","0;"
"177939","100894366","""Hitman Absolution""","purchase","1.0","0;"
"177940","100894366","""Just Cause 2""","purchase","1.0","0;"
"177941","100894366","""Left 4 Dead 2""","purchase","1.0","0;"
"177942","100894366","""Metro 2033""","purchase","1.0","0;"
"177943","100894366","""Red Orchestra 2 Heroes of Stalingrad - Single Player""","purchase","1.0","0;"
"177944","100894366","""Risen 2 - Dark Waters""","purchase","1.0","0;"
"177945","100894366","""Sacred 2 Gold""","purchase","1.0","0;"
"177946","100894366","""Saints Row 2""","purchase","1.0","0;"
"177947","100894366","""Saints Row The Third""","purchase","1.0","0;"
"177948","100894366","""Saints Row IV""","purchase","1.0","0;"
"177949","100894366","""Sid Meier's Ace Patrol""","purchase","1.0","0;"
"177950","100894366","""Sid Meier's Ace Patrol Pacific Skies""","purchase","1.0","0;"
"177951","100894366","""Sid Meier's Civilization III Complete""","purchase","1.0","0;"
"177952","100894366","""Sid Meier's Civilization IV""","purchase","1.0","0;"
"177953","100894366","""Sid Meier's Civilization IV""","purchase","1.0","0;"
"177954","100894366","""Sid Meier's Civilization IV Beyond the Sword""","purchase","1.0","0;"
"177955","100894366","""Sid Meier's Civilization IV Beyond the Sword""","purchase","1.0","0;"
"177956","100894366","""Sid Meier's Civilization IV Colonization""","purchase","1.0","0;"
"177957","100894366","""Sid Meier's Civilization IV Colonization""","purchase","1.0","0;"
"177958","100894366","""Sid Meier's Civilization IV Warlords""","purchase","1.0","0;"
"177959","100894366","""Sid Meier's Civilization IV Warlords""","purchase","1.0","0;"
"177960","100894366","""Sid Meier's Railroads!""","purchase","1.0","0;"
"177961","100894366","""Skyrim High Resolution Texture Pack""","purchase","1.0","0;"
"177962","100894366","""Sniper Elite""","purchase","1.0","0;"
"177963","100894366","""Star Wars - Jedi Knight Mysteries of the Sith""","purchase","1.0","0;"
"177964","100894366","""Star Wars - Jedi Knight II Jedi Outcast""","purchase","1.0","0;"
"177965","100894366","""Star Wars Dark Forces""","purchase","1.0","0;"
"177966","100894366","""Star Wars Empire at War Gold""","purchase","1.0","0;"
"177967","100894366","""Star Wars The Force Unleashed II""","purchase","1.0","0;"
"177968","100894366","""Star Wars The Force Unleashed Ultimate Sith Edition""","purchase","1.0","0;"
"177969","100894366","""Star Wars Jedi Knight Dark Forces II""","purchase","1.0","0;"
"177970","100894366","""Star Wars Jedi Knight Jedi Academy""","purchase","1.0","0;"
"177971","100894366","""Star Wars Republic Commando""","purchase","1.0","0;"
"177972","100894366","""Star Wars Starfighter""","purchase","1.0","0;"
"177973","100894366","""Star Wars The Clone Wars Republic Heroes""","purchase","1.0","0;"
"177974","100894366","""STAR WARS Knights of the Old Republic II The Sith Lords""","purchase","1.0","0;"
"177975","100894366","""The Elder Scrolls III Morrowind""","purchase","1.0","0;"
"177976","100894366","""The Elder Scrolls IV Oblivion ""","purchase","1.0","0;"
"177977","100894366","""The Elder Scrolls V Skyrim - Dawnguard""","purchase","1.0","0;"
"177978","100894366","""The Elder Scrolls V Skyrim - Dragonborn""","purchase","1.0","0;"
"177979","100894366","""The Elder Scrolls V Skyrim - Hearthfire""","purchase","1.0","0;"
"177980","100894366","""The Walking Dead Season Two""","purchase","1.0","0;"
"177981","100894366","""The Witcher 2 Assassins of Kings Enhanced Edition""","purchase","1.0","0;"
"177982","100894366","""The Wolf Among Us""","purchase","1.0","0;"
"44539","100895530","""Dota 2""","purchase","1.0","0;"
"44540","100895530","""Dota 2""","play","0.2","0;"
"124186","100916842","""Call of Duty Modern Warfare 2""","purchase","1.0","0;"
"124187","100916842","""Call of Duty Modern Warfare 2""","play","63.0","0;"
"124188","100916842","""Call of Duty Modern Warfare 3""","purchase","1.0","0;"
"124189","100916842","""Call of Duty Modern Warfare 3""","play","38.0","0;"
"124190","100916842","""Call of Duty Black Ops""","purchase","1.0","0;"
"124191","100916842","""Call of Duty Black Ops""","play","30.0","0;"
"124192","100916842","""Call of Duty Black Ops - Multiplayer""","purchase","1.0","0;"
"124193","100916842","""Call of Duty Modern Warfare 3 - Multiplayer""","purchase","1.0","0;"
"124194","100916842","""Call of Duty Modern Warfare 2 - Multiplayer""","purchase","1.0","0;"
"172738","100942835","""Dota 2""","purchase","1.0","0;"
"172739","100942835","""Dota 2""","play","1412.0","0;"
"171538","100944287","""Zombie Panic Source""","purchase","1.0","0;"
"171539","100944287","""Zombie Panic Source""","play","0.3","0;"
"136241","10095386","""Counter-Strike Source""","purchase","1.0","0;"
"136242","10095386","""Counter-Strike Source""","play","34.0","0;"
"136243","10095386","""Half-Life 2""","purchase","1.0","0;"
"136244","10095386","""Half-Life 2 Deathmatch""","purchase","1.0","0;"
"136245","10095386","""Half-Life 2 Lost Coast""","purchase","1.0","0;"
"191050","100993239","""Divinity Original Sin""","purchase","1.0","0;"
"191051","100993239","""Divinity Original Sin""","play","75.0","0;"
"191052","100993239","""The Elder Scrolls V Skyrim""","purchase","1.0","0;"
"191053","100993239","""The Elder Scrolls V Skyrim""","play","70.0","0;"
"191054","100993239","""Thief""","purchase","1.0","0;"
"191055","100993239","""Thief""","play","32.0","0;"
"191056","100993239","""The Secret World""","purchase","1.0","0;"
"191057","100993239","""The Secret World""","play","32.0","0;"
"191058","100993239","""Trine 2""","purchase","1.0","0;"
"191059","100993239","""Trine 2""","play","15.3","0;"
"191060","100993239","""Borderlands 2""","purchase","1.0","0;"
"191061","100993239","""Borderlands 2""","play","12.0","0;"
"191062","100993239","""Torchlight II""","purchase","1.0","0;"
"191063","100993239","""Torchlight II""","play","8.2","0;"
"191064","100993239","""Marvel Heroes 2015""","purchase","1.0","0;"
"191065","100993239","""Marvel Heroes 2015""","play","5.4","0;"
"191066","100993239","""The Banner Saga""","purchase","1.0","0;"
"191067","100993239","""The Banner Saga""","play","4.4","0;"
"191068","100993239","""Orcs Must Die! 2""","purchase","1.0","0;"
"191069","100993239","""Orcs Must Die! 2""","play","3.0","0;"
"191070","100993239","""Path of Exile""","purchase","1.0","0;"
"191071","100993239","""Path of Exile""","play","2.1","0;"
"191072","100993239","""Portal 2""","purchase","1.0","0;"
"191073","100993239","""Portal 2""","play","2.0","0;"
"191074","100993239","""Nosgoth""","purchase","1.0","0;"
"191075","100993239","""Nosgoth""","play","1.7","0;"
"191076","100993239","""The Elder Scrolls III Morrowind""","purchase","1.0","0;"
"191077","100993239","""The Elder Scrolls III Morrowind""","play","0.6","0;"
"191078","100993239","""Trine""","purchase","1.0","0;"
"191079","100993239","""Trine""","play","0.5","0;"
"191080","100993239","""Spiral Knights""","purchase","1.0","0;"
"191081","100993239","""Spiral Knights""","play","0.3","0;"
"191082","100993239","""The Elder Scrolls IV Oblivion ""","purchase","1.0","0;"
"191083","100993239","""RaiderZ""","purchase","1.0","0;"
"191084","100993239","""Beyond Divinity""","purchase","1.0","0;"
"191085","100993239","""Divine Divinity""","purchase","1.0","0;"
"191086","100993239","""Divinity Original Sin Enhanced Edition""","purchase","1.0","0;"
"191087","100993239","""Neverwinter""","purchase","1.0","0;"
"191088","100993239","""Skyrim High Resolution Texture Pack""","purchase","1.0","0;"
"191089","100993239","""The Banner Saga - Mod Content""","purchase","1.0","0;"
"191090","100993239","""The Elder Scrolls V Skyrim - Dawnguard""","purchase","1.0","0;"
"191091","100993239","""The Elder Scrolls V Skyrim - Dragonborn""","purchase","1.0","0;"
"191092","100993239","""The Elder Scrolls V Skyrim - Hearthfire""","purchase","1.0","0;"
"191093","100993239","""Thief - Opportunist""","purchase","1.0","0;"
"191094","100993239","""Thief - The Bank Heist""","purchase","1.0","0;"
"191095","100993239","""Warframe""","purchase","1.0","0;"
"81193","101000574","""Clicker Heroes""","purchase","1.0","0;"
"81194","101000574","""Clicker Heroes""","play","122.0","0;"
"81195","101000574","""AdVenture Capitalist""","purchase","1.0","0;"
"81196","101000574","""AdVenture Capitalist""","play","87.0","0;"
"81197","101000574","""Firefall""","purchase","1.0","0;"
"81198","101000574","""Firefall""","play","69.0","0;"
"81199","101000574","""Dungeon Defenders II""","purchase","1.0","0;"
"81200","101000574","""Dungeon Defenders II""","play","25.0","0;"
"81201","101000574","""The Repopulation""","purchase","1.0","0;"
"81202","101000574","""The Repopulation""","play","24.0","0;"
"81203","101000574","""Nosgoth""","purchase","1.0","0;"
"81204","101000574","""Nosgoth""","play","21.0","0;"
"81205","101000574","""Warframe""","purchase","1.0","0;"
"81206","101000574","""Warframe""","play","21.0","0;"
"81207","101000574","""Planet Explorers""","purchase","1.0","0;"
"81208","101000574","""Planet Explorers""","play","7.5","0;"
"81209","101000574","""Metal Reaper Online""","purchase","1.0","0;"
"81210","101000574","""Metal Reaper Online""","play","5.5","0;"
"81211","101000574","""Team Fortress 2""","purchase","1.0","0;"
"81212","101000574","""Team Fortress 2""","play","4.7","0;"
"81213","101000574","""Heroes & Generals""","purchase","1.0","0;"
"81214","101000574","""Heroes & Generals""","play","4.7","0;"
"81215","101000574","""No More Room in Hell""","purchase","1.0","0;"
"81216","101000574","""No More Room in Hell""","play","2.7","0;"
"81217","101000574","""Alien Swarm""","purchase","1.0","0;"
"81218","101000574","""Alien Swarm""","play","2.6","0;"
"81219","101000574","""Neverwinter""","purchase","1.0","0;"
"81220","101000574","""Neverwinter""","play","1.9","0;"
"81221","101000574","""BLOCKADE 3D""","purchase","1.0","0;"
"81222","101000574","""BLOCKADE 3D""","play","1.4","0;"
"81223","101000574","""Arma 2 Operation Arrowhead""","purchase","1.0","0;"
"81224","101000574","""Arma 2 Operation Arrowhead""","play","0.3","0;"
"81225","101000574","""Arma 2""","purchase","1.0","0;"
"81226","101000574","""Arma 2""","play","0.1","0;"
"81227","101000574","""Arma 2 Operation Arrowhead Beta (Obsolete)""","purchase","1.0","0;"
"81228","101000574","""Defiance""","purchase","1.0","0;"
"81229","101000574","""Path of Exile""","purchase","1.0","0;"
"115715","101022115","""Grand Theft Auto San Andreas""","purchase","1.0","0;"
"115716","101022115","""Grand Theft Auto San Andreas""","play","53.0","0;"
"115717","101022115","""Grand Theft Auto San Andreas""","purchase","1.0","0;"
"16089","101030173","""Duke Nukem Forever""","purchase","1.0","0;"
"16090","101030173","""Duke Nukem Forever""","play","4.1","0;"
"19850","101040836","""Robocraft""","purchase","1.0","0;"
"147752","101122584","""DC Universe Online""","purchase","1.0","0;"
"147753","101122584","""DC Universe Online""","play","2.1","0;"
"94799","101138714","""Team Fortress 2""","purchase","1.0","0;"
"94800","101138714","""Team Fortress 2""","play","0.7","0;"
"106695","101142088","""The Elder Scrolls V Skyrim""","purchase","1.0","0;"
"106696","101142088","""The Elder Scrolls V Skyrim""","play","252.0","0;"
"106697","101142088","""HAWKEN""","purchase","1.0","0;"
"106698","101142088","""HAWKEN""","play","185.0","0;"
"106699","101142088","""ARK Survival Evolved""","purchase","1.0","0;"
"106700","101142088","""ARK Survival Evolved""","play","131.0","0;"
"106701","101142088","""Warframe""","purchase","1.0","0;"
"106702","101142088","""Warframe""","play","72.0","0;"
"106703","101142088","""Borderlands 2""","purchase","1.0","0;"
"106704","101142088","""Borderlands 2""","play","57.0","0;"
"106705","101142088","""Star Conflict""","purchase","1.0","0;"
"106706","101142088","""Star Conflict""","play","28.0","0;"
"106707","101142088","""Neverwinter""","purchase","1.0","0;"
"106708","101142088","""Neverwinter""","play","24.0","0;"
"106709","101142088","""DARK SOULS II Scholar of the First Sin""","purchase","1.0","0;"
"106710","101142088","""DARK SOULS II Scholar of the First Sin""","play","16.7","0;"
"106711","101142088","""Nosgoth""","purchase","1.0","0;"
"106712","101142088","""Nosgoth""","play","11.6","0;"
"106713","101142088","""Gauntlet ""","purchase","1.0","0;"
"106714","101142088","""Gauntlet ""","play","11.6","0;"
"106715","101142088","""Age of Empires II HD Edition""","purchase","1.0","0;"
"106716","101142088","""Age of Empires II HD Edition""","play","10.4","0;"
"106717","101142088","""The Elder Scrolls Online Tamriel Unlimited""","purchase","1.0","0;"
"106718","101142088","""The Elder Scrolls Online Tamriel Unlimited""","play","10.0","0;"
"106719","101142088","""Thief""","purchase","1.0","0;"
"106720","101142088","""Thief""","play","8.7","0;"
"106721","101142088","""Baldur's Gate Enhanced Edition""","purchase","1.0","0;"
"106722","101142088","""Baldur's Gate Enhanced Edition""","play","6.7","0;"
"106723","101142088","""Heroes & Generals""","purchase","1.0","0;"
"106724","101142088","""Heroes & Generals""","play","6.1","0;"
"106725","101142088","""Dirty Bomb""","purchase","1.0","0;"
"106726","101142088","""Dirty Bomb""","play","1.5","0;"
"106727","101142088","""War Thunder""","purchase","1.0","0;"
"106728","101142088","""War Thunder""","play","1.4","0;"
"106729","101142088","""Darksiders""","purchase","1.0","0;"
"106730","101142088","""Darksiders""","play","0.7","0;"
"106731","101142088","""Blender 2.76b""","purchase","1.0","0;"
"106732","101142088","""Blender 2.76b""","play","0.7","0;"
"106733","101142088","""Wolfenstein The New Order""","purchase","1.0","0;"
"106734","101142088","""Wolfenstein The New Order""","play","0.5","0;"
"106735","101142088","""Darksiders II""","purchase","1.0","0;"
"106736","101142088","""Age of Empires II HD The Forgotten""","purchase","1.0","0;"
"106737","101142088","""Counter-Strike""","purchase","1.0","0;"
"106738","101142088","""Counter-Strike Condition Zero""","purchase","1.0","0;"
"106739","101142088","""Counter-Strike Condition Zero Deleted Scenes""","purchase","1.0","0;"
"106740","101142088","""Counter-Strike Global Offensive""","purchase","1.0","0;"
"106741","101142088","""Counter-Strike Source""","purchase","1.0","0;"
"106742","101142088","""Darksiders II Deathinitive Edition""","purchase","1.0","0;"
"106743","101142088","""Darksiders II Soundtrack""","purchase","1.0","0;"
"106744","101142088","""Darksiders Soundtrack""","purchase","1.0","0;"
"106745","101142088","""Day of Defeat""","purchase","1.0","0;"
"106746","101142088","""Day of Defeat Source""","purchase","1.0","0;"
"106747","101142088","""Deathmatch Classic""","purchase","1.0","0;"
"106748","101142088","""Half-Life""","purchase","1.0","0;"
"106749","101142088","""Half-Life 2""","purchase","1.0","0;"
"106750","101142088","""Half-Life 2 Deathmatch""","purchase","1.0","0;"
"106751","101142088","""Half-Life 2 Episode One""","purchase","1.0","0;"
"106752","101142088","""Half-Life 2 Episode Two""","purchase","1.0","0;"
"106753","101142088","""Half-Life 2 Lost Coast""","purchase","1.0","0;"
"106754","101142088","""Half-Life Blue Shift""","purchase","1.0","0;"
"106755","101142088","""Half-Life Opposing Force""","purchase","1.0","0;"
"106756","101142088","""Half-Life Source""","purchase","1.0","0;"
"106757","101142088","""Half-Life Deathmatch Source""","purchase","1.0","0;"
"106758","101142088","""Left 4 Dead""","purchase","1.0","0;"
"106759","101142088","""Left 4 Dead 2""","purchase","1.0","0;"
"106760","101142088","""Portal""","purchase","1.0","0;"
"106761","101142088","""Portal 2""","purchase","1.0","0;"
"106762","101142088","""Ricochet""","purchase","1.0","0;"
"106763","101142088","""Skyrim High Resolution Texture Pack""","purchase","1.0","0;"
"106764","101142088","""Team Fortress Classic""","purchase","1.0","0;"
"106765","101142088","""Thief - Opportunist""","purchase","1.0","0;"
"125618","101212067","""ARK Survival Evolved""","purchase","1.0","0;"
"125619","101212067","""ARK Survival Evolved""","play","394.0","0;"
"125620","101212067","""The Elder Scrolls V Skyrim""","purchase","1.0","0;"
"125621","101212067","""The Elder Scrolls V Skyrim""","play","319.0","0;"
"125622","101212067","""The Sims(TM) 3""","purchase","1.0","0;"
"125623","101212067","""The Sims(TM) 3""","play","153.0","0;"
"125624","101212067","""Killing Floor""","purchase","1.0","0;"
"125625","101212067","""Killing Floor""","play","130.0","0;"
"125626","101212067","""RollerCoaster Tycoon Deluxe""","purchase","1.0","0;"
